2026-09-04 13:36:19,648 - INFO - STOP
2026-09-04 13:36:19,816 - INFO - Backend is not running
2026-09-04 13:36:19,977 - INFO - Frontend is not running
2026-09-04 13:36:21,978 - INFO - START
2026-09-04 13:36:21,979 - INFO - ========================================
2026-09-04 13:36:21,979 - INFO -        PRINTER MONITORING SYSTEM
2026-09-04 13:36:21,979 - INFO - ========================================
2026-09-04 13:36:21,979 - INFO - 
2026-09-04 13:36:21,979 - INFO - Checking environment...
2026-09-04 13:36:21,979 - INFO - [OK] Python
2026-09-04 13:36:21,979 - INFO - [OK] Node.js
2026-09-04 13:36:21,979 - INFO - [OK] npm
2026-09-04 13:36:21,979 - INFO - 
2026-09-04 13:36:21,979 - INFO - Selecting ports...
2026-09-04 13:36:26,040 - INFO - [OK] Backend  : 9100
2026-09-04 13:36:26,040 - INFO - [OK] Frontend : 9121
2026-09-04 13:36:26,040 - INFO - 
2026-09-04 13:36:26,042 - INFO - Starting backend...
2026-09-04 13:36:29,073 - INFO - [OK] Backend Ready
2026-09-04 13:36:29,073 - INFO - Starting frontend...
2026-09-04 13:36:30,106 - INFO - [OK] Frontend Ready
2026-09-04 13:36:30,107 - INFO - 
2026-09-04 13:36:30,107 - INFO - ========================================
2026-09-04 13:36:30,107 - INFO - SYSTEM STATUS: RUNNING
2026-09-04 13:36:30,107 - INFO - ========================================
2026-09-04 13:36:30,107 - INFO - 
2026-09-04 13:36:30,107 - INFO - Monitoring Server:
2026-09-04 13:36:30,107 - INFO - 10.119.43.25
2026-09-04 13:36:30,107 - INFO - 
2026-09-04 13:36:30,107 - INFO - Printer Networks:
2026-09-04 13:36:30,107 - INFO - 10.119.34.0/24
2026-09-04 13:36:30,107 - INFO - 10.119.43.0/24
2026-09-04 13:36:30,107 - INFO - 
2026-09-04 13:36:30,108 - INFO - Frontend:
2026-09-04 13:36:30,108 - INFO - http://10.119.43.25:9121
2026-09-04 13:36:30,108 - INFO - 
2026-09-04 13:36:30,108 - INFO - Opening browser...
2026-09-04 13:36:30,108 - INFO - ========================================
2026-09-04 13:36:30,165 - INFO - READY
2026-09-04 13:44:24,510 - INFO - STOP
2026-09-04 13:44:24,678 - INFO - Backend is not running
2026-09-04 13:44:24,832 - INFO - Frontend is not running
2026-09-04 13:44:26,833 - INFO - START
2026-09-04 13:44:26,833 - INFO - ========================================
2026-09-04 13:44:26,833 - INFO -        PRINTER MONITORING SYSTEM
2026-09-04 13:44:26,833 - INFO - ========================================
2026-09-04 13:44:26,833 - INFO - 
2026-09-04 13:44:26,833 - INFO - Checking environment...
2026-09-04 13:44:26,833 - INFO - [OK] Python
2026-09-04 13:44:26,834 - INFO - [OK] Node.js
2026-09-04 13:44:26,834 - INFO - [OK] npm
2026-09-04 13:44:26,834 - INFO - 
2026-09-04 13:44:26,834 - INFO - Selecting ports...
2026-09-04 13:44:30,907 - INFO - [OK] Backend  : 9100
2026-09-04 13:44:30,907 - INFO - [OK] Frontend : 9121
2026-09-04 13:44:30,907 - INFO - 
2026-09-04 13:44:30,908 - INFO - Starting backend...
2026-09-04 13:44:33,934 - INFO - [OK] Backend Ready
2026-09-04 13:44:33,934 - INFO - Starting frontend...
2026-09-04 13:44:34,978 - INFO - [OK] Frontend Ready
2026-09-04 13:44:34,979 - INFO - 
2026-09-04 13:44:34,979 - INFO - ========================================
2026-09-04 13:44:34,979 - INFO - SYSTEM STATUS: RUNNING
2026-09-04 13:44:34,979 - INFO - ========================================
2026-09-04 13:44:34,979 - INFO - 
2026-09-04 13:44:34,979 - INFO - Monitoring Server:
2026-09-04 13:44:34,980 - INFO - 10.119.43.25
2026-09-04 13:44:34,980 - INFO - 
2026-09-04 13:44:34,980 - INFO - Printer Networks:
2026-09-04 13:44:34,980 - INFO - 10.119.34.0/24
2026-09-04 13:44:34,980 - INFO - 10.119.43.0/24
2026-09-04 13:44:34,980 - INFO - 
2026-09-04 13:44:34,980 - INFO - Frontend:
2026-09-04 13:44:34,980 - INFO - http://10.119.43.25:9121
2026-09-04 13:44:34,980 - INFO - 
2026-09-04 13:44:34,980 - INFO - Opening browser...
2026-09-04 13:44:34,980 - INFO - ========================================
2026-09-04 13:44:35,041 - INFO - READY
2026-09-04 13:54:41,822 - INFO - STOP
2026-09-04 13:54:41,992 - INFO - Backend is not running
2026-09-04 13:54:42,156 - INFO - Frontend is not running
2026-09-04 13:54:44,157 - INFO - START
2026-09-04 13:54:44,157 - INFO - ========================================
2026-09-04 13:54:44,157 - INFO -        PRINTER MONITORING SYSTEM
2026-09-04 13:54:44,157 - INFO - ========================================
2026-09-04 13:54:44,157 - INFO - 
2026-09-04 13:54:44,157 - INFO - Checking environment...
2026-09-04 13:54:44,157 - INFO - [OK] Python
2026-09-04 13:54:44,157 - INFO - [OK] Node.js
2026-09-04 13:54:44,157 - INFO - [OK] npm
2026-09-04 13:54:44,157 - INFO - 
2026-09-04 13:54:44,157 - INFO - Selecting ports...
2026-09-04 13:54:48,243 - INFO - [OK] Backend  : 9100
2026-09-04 13:54:48,243 - INFO - [OK] Frontend : 9121
2026-09-04 13:54:48,243 - INFO - 
2026-09-04 13:54:48,245 - INFO - Starting backend...
2026-09-04 13:54:51,280 - INFO - [OK] Backend Ready
2026-09-04 13:54:51,281 - INFO - Starting frontend...
2026-09-04 13:54:52,326 - INFO - [OK] Frontend Ready
2026-09-04 13:54:52,328 - INFO - 
2026-09-04 13:54:52,328 - INFO - ========================================
2026-09-04 13:54:52,328 - INFO - SYSTEM STATUS: RUNNING
2026-09-04 13:54:52,328 - INFO - ========================================
2026-09-04 13:54:52,328 - INFO - 
2026-09-04 13:54:52,328 - INFO - Monitoring Server:
2026-09-04 13:54:52,328 - INFO - 10.119.43.25
2026-09-04 13:54:52,328 - INFO - 
2026-09-04 13:54:52,329 - INFO - Printer Networks:
2026-09-04 13:54:52,329 - INFO - 10.119.34.0/24
2026-09-04 13:54:52,329 - INFO - 10.119.43.0/24
2026-09-04 13:54:52,329 - INFO - 
2026-09-04 13:54:52,329 - INFO - Frontend:
2026-09-04 13:54:52,329 - INFO - http://10.119.43.25:9121
2026-09-04 13:54:52,329 - INFO - 
2026-09-04 13:54:52,329 - INFO - Opening browser...
2026-09-04 13:54:52,329 - INFO - ========================================
2026-09-04 13:54:52,436 - INFO - READY
2026-09-04 14:10:21,062 - INFO - RUNNING
2026-09-04 14:10:21,062 - INFO - Frontend URL: http://10.119.43.25:9121
2026-09-04 14:13:07,045 - INFO - Backend stopped
2026-09-04 14:13:07,635 - INFO - Frontend stopped
2026-09-04 14:24:29,400 - INFO - STOP
2026-09-04 14:24:29,589 - INFO - Backend is not running
2026-09-04 14:24:29,758 - INFO - Frontend is not running
2026-09-04 14:24:31,758 - INFO - START
2026-09-04 14:24:31,759 - INFO - ========================================
2026-09-04 14:24:31,759 - INFO -        PRINTER MONITORING SYSTEM
2026-09-04 14:24:31,759 - INFO - ========================================
2026-09-04 14:24:31,759 - INFO - 
2026-09-04 14:24:31,759 - INFO - Checking environment...
2026-09-04 14:24:31,759 - INFO - [OK] Python
2026-09-04 14:24:31,759 - INFO - [OK] Node.js
2026-09-04 14:24:31,759 - INFO - [OK] npm
2026-09-04 14:24:31,759 - INFO - 
2026-09-04 14:24:31,759 - INFO - Selecting ports...
2026-09-04 14:24:35,840 - INFO - [OK] Backend  : 9100
2026-09-04 14:24:35,840 - INFO - [OK] Frontend : 9121
2026-09-04 14:24:35,840 - INFO - 
2026-09-04 14:24:35,842 - INFO - Starting backend...
2026-09-04 14:24:38,886 - INFO - [OK] Backend Ready
2026-09-04 14:24:38,886 - INFO - Starting frontend...
2026-09-04 14:24:39,934 - INFO - [OK] Frontend Ready
2026-09-04 14:24:39,935 - INFO - 
2026-09-04 14:24:39,935 - INFO - ========================================
2026-09-04 14:24:39,935 - INFO - SYSTEM STATUS: RUNNING
2026-09-04 14:24:39,935 - INFO - ========================================
2026-09-04 14:24:39,935 - INFO - 
2026-09-04 14:24:39,935 - INFO - Monitoring Server:
2026-09-04 14:24:39,935 - INFO - 10.119.43.25
2026-09-04 14:24:39,935 - INFO - 
2026-09-04 14:24:39,936 - INFO - Printer Networks:
2026-09-04 14:24:39,936 - INFO - 10.119.34.0/24
2026-09-04 14:24:39,936 - INFO - 10.119.43.0/24
2026-09-04 14:24:39,936 - INFO - 
2026-09-04 14:24:39,936 - INFO - Frontend:
2026-09-04 14:24:39,936 - INFO - http://10.119.43.25:9121
2026-09-04 14:24:39,936 - INFO - 
2026-09-04 14:24:39,936 - INFO - Opening browser...
2026-09-04 14:24:39,936 - INFO - ========================================
2026-09-04 14:24:40,010 - INFO - READY
2026-09-04 14:32:26,661 - INFO - STOP
2026-09-04 14:32:26,829 - INFO - Backend is not running
2026-09-04 14:32:26,986 - INFO - Frontend is not running
2026-09-04 14:32:28,987 - INFO - START
2026-09-04 14:32:28,987 - INFO - ========================================
2026-09-04 14:32:28,987 - INFO -        PRINTER MONITORING SYSTEM
2026-09-04 14:32:28,987 - INFO - ========================================
2026-09-04 14:32:28,987 - INFO - 
2026-09-04 14:32:28,987 - INFO - Checking environment...
2026-09-04 14:32:28,987 - INFO - [OK] Python
2026-09-04 14:32:28,987 - INFO - [OK] Node.js
2026-09-04 14:32:28,987 - INFO - [OK] npm
2026-09-04 14:32:28,987 - INFO - 
2026-09-04 14:32:28,987 - INFO - Selecting ports...
2026-09-04 14:32:33,087 - INFO - [OK] Backend  : 9100
2026-09-04 14:32:33,087 - INFO - [OK] Frontend : 9121
2026-09-04 14:32:33,087 - INFO - 
2026-09-04 14:32:33,088 - INFO - Starting backend...
2026-09-04 14:32:36,120 - INFO - [OK] Backend Ready
2026-09-04 14:32:36,120 - INFO - Starting frontend...
2026-09-04 14:32:37,149 - INFO - [OK] Frontend Ready
2026-09-04 14:32:37,149 - INFO - 
2026-09-04 14:32:37,150 - INFO - ========================================
2026-09-04 14:32:37,150 - INFO - SYSTEM STATUS: RUNNING
2026-09-04 14:32:37,150 - INFO - ========================================
2026-09-04 14:32:37,150 - INFO - 
2026-09-04 14:32:37,150 - INFO - Monitoring Server:
2026-09-04 14:32:37,150 - INFO - 10.119.43.25
2026-09-04 14:32:37,150 - INFO - 
2026-09-04 14:32:37,150 - INFO - Printer Networks:
2026-09-04 14:32:37,150 - INFO - 10.119.34.0/24
2026-09-04 14:32:37,150 - INFO - 10.119.43.0/24
2026-09-04 14:32:37,150 - INFO - 
2026-09-04 14:32:37,150 - INFO - Frontend:
2026-09-04 14:32:37,150 - INFO - http://10.119.43.25:9121
2026-09-04 14:32:37,150 - INFO - 
2026-09-04 14:32:37,150 - INFO - Opening browser...
2026-09-04 14:32:37,151 - INFO - ========================================
2026-09-04 14:32:37,209 - INFO - READY
2026-09-04 14:41:34,618 - INFO - STOP
2026-09-04 14:41:34,793 - INFO - Backend is not running
2026-09-04 14:41:34,951 - INFO - Frontend is not running
2026-09-04 14:41:36,952 - INFO - START
2026-09-04 14:41:36,952 - INFO - ========================================
2026-09-04 14:41:36,953 - INFO -        PRINTER MONITORING SYSTEM
2026-09-04 14:41:36,953 - INFO - ========================================
2026-09-04 14:41:36,953 - INFO - 
2026-09-04 14:41:36,953 - INFO - Checking environment...
2026-09-04 14:41:36,953 - INFO - [OK] Python
2026-09-04 14:41:36,953 - INFO - [OK] Node.js
2026-09-04 14:41:36,953 - INFO - [OK] npm
2026-09-04 14:41:36,953 - INFO - 
2026-09-04 14:41:36,953 - INFO - Selecting ports...
2026-09-04 14:41:41,040 - INFO - [OK] Backend  : 9100
2026-09-04 14:41:41,040 - INFO - [OK] Frontend : 9121
2026-09-04 14:41:41,040 - INFO - 
2026-09-04 14:41:41,041 - INFO - Starting backend...
2026-09-04 14:41:44,077 - INFO - [OK] Backend Ready
2026-09-04 14:41:44,077 - INFO - Starting frontend...
2026-09-04 14:41:45,130 - INFO - [OK] Frontend Ready
2026-09-04 14:41:45,131 - INFO - 
2026-09-04 14:41:45,131 - INFO - ========================================
2026-09-04 14:41:45,131 - INFO - SYSTEM STATUS: RUNNING
2026-09-04 14:41:45,131 - INFO - ========================================
2026-09-04 14:41:45,131 - INFO - 
2026-09-04 14:41:45,132 - INFO - Monitoring Server:
2026-09-04 14:41:45,132 - INFO - 10.119.43.25
2026-09-04 14:41:45,132 - INFO - 
2026-09-04 14:41:45,132 - INFO - Printer Networks:
2026-09-04 14:41:45,132 - INFO - 10.119.34.0/24
2026-09-04 14:41:45,132 - INFO - 10.119.43.0/24
2026-09-04 14:41:45,132 - INFO - 
2026-09-04 14:41:45,132 - INFO - Frontend:
2026-09-04 14:41:45,132 - INFO - http://10.119.43.25:9121
2026-09-04 14:41:45,132 - INFO - 
2026-09-04 14:41:45,132 - INFO - Opening browser...
2026-09-04 14:41:45,132 - INFO - ========================================
2026-09-04 14:41:45,198 - INFO - READY
2026-09-04 14:43:03,186 - INFO - STOP
2026-09-04 14:43:03,403 - INFO - Backend is not running
2026-09-04 14:43:03,616 - INFO - Frontend is not running
2026-09-04 14:43:05,617 - INFO - START
2026-09-04 14:43:05,617 - INFO - ========================================
2026-09-04 14:43:05,617 - INFO -        PRINTER MONITORING SYSTEM
2026-09-04 14:43:05,618 - INFO - ========================================
2026-09-04 14:43:05,618 - INFO - 
2026-09-04 14:43:05,618 - INFO - Checking environment...
2026-09-04 14:43:05,618 - INFO - [OK] Python
2026-09-04 14:43:05,618 - INFO - [OK] Node.js
2026-09-04 14:43:05,618 - INFO - [OK] npm
2026-09-04 14:43:05,619 - INFO - 
2026-09-04 14:43:05,619 - INFO - Selecting ports...
2026-09-04 14:43:09,695 - INFO - [OK] Backend  : 9100
2026-09-04 14:43:09,695 - INFO - [OK] Frontend : 9121
2026-09-04 14:43:09,695 - INFO - 
2026-09-04 14:43:09,696 - INFO - Starting backend...
2026-09-04 14:43:12,737 - INFO - [OK] Backend Ready
2026-09-04 14:43:12,737 - INFO - Starting frontend...
2026-09-04 14:43:13,782 - INFO - [OK] Frontend Ready
2026-09-04 14:43:13,783 - INFO - 
2026-09-04 14:43:13,783 - INFO - ========================================
2026-09-04 14:43:13,783 - INFO - SYSTEM STATUS: RUNNING
2026-09-04 14:43:13,783 - INFO - ========================================
2026-09-04 14:43:13,783 - INFO - 
2026-09-04 14:43:13,783 - INFO - Monitoring Server:
2026-09-04 14:43:13,783 - INFO - 10.119.43.25
2026-09-04 14:43:13,783 - INFO - 
2026-09-04 14:43:13,784 - INFO - Printer Networks:
2026-09-04 14:43:13,784 - INFO - 10.119.34.0/24
2026-09-04 14:43:13,784 - INFO - 10.119.43.0/24
2026-09-04 14:43:13,784 - INFO - 
2026-09-04 14:43:13,784 - INFO - Frontend:
2026-09-04 14:43:13,784 - INFO - http://10.119.43.25:9121
2026-09-04 14:43:13,784 - INFO - 
2026-09-04 14:43:13,784 - INFO - Opening browser...
2026-09-04 14:43:13,784 - INFO - ========================================
2026-09-04 14:43:13,842 - INFO - READY
2026-09-04 14:44:47,054 - INFO - STOP
2026-09-04 14:44:47,224 - INFO - Backend is not running
2026-09-04 14:44:47,385 - INFO - Frontend is not running
2026-09-04 14:44:49,386 - INFO - START
2026-09-04 14:44:49,386 - INFO - ========================================
2026-09-04 14:44:49,386 - INFO -        PRINTER MONITORING SYSTEM
2026-09-04 14:44:49,386 - INFO - ========================================
2026-09-04 14:44:49,386 - INFO - 
2026-09-04 14:44:49,386 - INFO - Checking environment...
2026-09-04 14:44:49,386 - INFO - [OK] Python
2026-09-04 14:44:49,386 - INFO - [OK] Node.js
2026-09-04 14:44:49,387 - INFO - [OK] npm
2026-09-04 14:44:49,387 - INFO - 
2026-09-04 14:44:49,387 - INFO - Selecting ports...
2026-09-04 14:44:53,477 - INFO - [OK] Backend  : 9100
2026-09-04 14:44:53,477 - INFO - [OK] Frontend : 9121
2026-09-04 14:44:53,477 - INFO - 
2026-09-04 14:44:53,478 - INFO - Starting backend...
2026-09-04 14:44:56,515 - INFO - [OK] Backend Ready
2026-09-04 14:44:56,515 - INFO - Starting frontend...
2026-09-04 14:44:57,266 - INFO - [OK] Frontend Ready
2026-09-04 14:44:57,267 - INFO - 
2026-09-04 14:44:57,267 - INFO - ========================================
2026-09-04 14:44:57,267 - INFO - SYSTEM STATUS: RUNNING
2026-09-04 14:44:57,267 - INFO - ========================================
2026-09-04 14:44:57,267 - INFO - 
2026-09-04 14:44:57,267 - INFO - Monitoring Server:
2026-09-04 14:44:57,267 - INFO - 10.119.43.25
2026-09-04 14:44:57,267 - INFO - 
2026-09-04 14:44:57,268 - INFO - Printer Networks:
2026-09-04 14:44:57,268 - INFO - 10.119.34.0/24
2026-09-04 14:44:57,268 - INFO - 10.119.43.0/24
2026-09-04 14:44:57,268 - INFO - 
2026-09-04 14:44:57,268 - INFO - Frontend:
2026-09-04 14:44:57,268 - INFO - http://10.119.43.25:9121
2026-09-04 14:44:57,268 - INFO - 
2026-09-04 14:44:57,268 - INFO - Opening browser...
2026-09-04 14:44:57,268 - INFO - ========================================
2026-09-04 14:44:57,327 - INFO - READY
2026-09-04 14:45:39,269 - INFO - STOP
2026-09-04 14:45:39,961 - INFO - Backend stopped
2026-09-04 14:45:40,580 - INFO - Frontend stopped
2026-09-04 14:45:42,580 - INFO - START
2026-09-04 14:45:42,581 - INFO - ========================================
2026-09-04 14:45:42,581 - INFO -        PRINTER MONITORING SYSTEM
2026-09-04 14:45:42,581 - INFO - ========================================
2026-09-04 14:45:42,581 - INFO - 
2026-09-04 14:45:42,581 - INFO - Checking environment...
2026-09-04 14:45:42,581 - INFO - [OK] Python
2026-09-04 14:45:42,581 - INFO - [OK] Node.js
2026-09-04 14:45:42,581 - INFO - [OK] npm
2026-09-04 14:45:42,581 - INFO - 
2026-09-04 14:45:42,581 - INFO - Selecting ports...
2026-09-04 14:45:46,669 - INFO - [OK] Backend  : 9100
2026-09-04 14:45:46,669 - INFO - [OK] Frontend : 9121
2026-09-04 14:45:46,669 - INFO - 
2026-09-04 14:45:46,670 - INFO - Starting backend...
2026-09-04 14:45:49,702 - INFO - [OK] Backend Ready
2026-09-04 14:45:49,702 - INFO - Starting frontend...
2026-09-04 14:45:50,442 - INFO - [OK] Frontend Ready
2026-09-04 14:45:50,443 - INFO - 
2026-09-04 14:45:50,443 - INFO - ========================================
2026-09-04 14:45:50,443 - INFO - SYSTEM STATUS: RUNNING
2026-09-04 14:45:50,443 - INFO - ========================================
2026-09-04 14:45:50,443 - INFO - 
2026-09-04 14:45:50,443 - INFO - Monitoring Server:
2026-09-04 14:45:50,443 - INFO - 10.119.43.25
2026-09-04 14:45:50,444 - INFO - 
2026-09-04 14:45:50,444 - INFO - Printer Networks:
2026-09-04 14:45:50,444 - INFO - 10.119.34.0/24
2026-09-04 14:45:50,444 - INFO - 10.119.43.0/24
2026-09-04 14:45:50,444 - INFO - 
2026-09-04 14:45:50,444 - INFO - Frontend:
2026-09-04 14:45:50,444 - INFO - http://10.119.43.25:9121
2026-09-04 14:45:50,444 - INFO - 
2026-09-04 14:45:50,444 - INFO - Opening browser...
2026-09-04 14:45:50,444 - INFO - ========================================
2026-09-04 14:45:50,503 - INFO - READY
2026-09-04 14:58:59,520 - INFO - STOP
2026-09-04 14:59:00,182 - INFO - Backend stopped
2026-09-04 14:59:00,889 - INFO - Frontend stopped
2026-09-04 14:59:02,890 - INFO - START
2026-09-04 14:59:02,890 - INFO - ========================================
2026-09-04 14:59:02,890 - INFO -        PRINTER MONITORING SYSTEM
2026-09-04 14:59:02,890 - INFO - ========================================
2026-09-04 14:59:02,890 - INFO - 
2026-09-04 14:59:02,890 - INFO - Checking environment...
2026-09-04 14:59:02,890 - INFO - [OK] Python
2026-09-04 14:59:02,890 - INFO - [OK] Node.js
2026-09-04 14:59:02,890 - INFO - [OK] npm
2026-09-04 14:59:02,891 - INFO - 
2026-09-04 14:59:02,891 - INFO - Selecting ports...
2026-09-04 14:59:06,974 - INFO - [OK] Backend  : 9100
2026-09-04 14:59:06,974 - INFO - [OK] Frontend : 9121
2026-09-04 14:59:06,974 - INFO - 
2026-09-04 14:59:06,975 - INFO - Starting backend...
2026-09-04 14:59:10,001 - INFO - [OK] Backend Ready
2026-09-04 14:59:10,002 - INFO - Starting frontend...
2026-09-04 14:59:11,043 - INFO - [OK] Frontend Ready
2026-09-04 14:59:11,048 - INFO - 
2026-09-04 14:59:11,051 - INFO - ========================================
2026-09-04 14:59:11,053 - INFO - SYSTEM STATUS: RUNNING
2026-09-04 14:59:11,054 - INFO - ========================================
2026-09-04 14:59:11,056 - INFO - 
2026-09-04 14:59:11,056 - INFO - Monitoring Server:
2026-09-04 14:59:11,057 - INFO - 10.119.43.25
2026-09-04 14:59:11,057 - INFO - 
2026-09-04 14:59:11,058 - INFO - Printer Networks:
2026-09-04 14:59:11,058 - INFO - 10.119.34.0/24
2026-09-04 14:59:11,058 - INFO - 10.119.43.0/24
2026-09-04 14:59:11,058 - INFO - 
2026-09-04 14:59:11,059 - INFO - Frontend:
2026-09-04 14:59:11,059 - INFO - http://10.119.43.25:9121
2026-09-04 14:59:11,060 - INFO - 
2026-09-04 14:59:11,060 - INFO - Opening browser...
2026-09-04 14:59:11,060 - INFO - ========================================
2026-09-04 14:59:11,138 - INFO - READY
2026-09-04 15:07:07,049 - INFO - STOP
2026-09-04 15:07:07,658 - INFO - Backend stopped
2026-09-04 15:07:08,249 - INFO - Frontend stopped
2026-09-04 15:07:10,250 - INFO - START
2026-09-04 15:07:10,250 - INFO - ========================================
2026-09-04 15:07:10,250 - INFO -        PRINTER MONITORING SYSTEM
2026-09-04 15:07:10,250 - INFO - ========================================
2026-09-04 15:07:10,250 - INFO - 
2026-09-04 15:07:10,250 - INFO - Checking environment...
2026-09-04 15:07:10,250 - INFO - [OK] Python
2026-09-04 15:07:10,250 - INFO - [OK] Node.js
2026-09-04 15:07:10,251 - INFO - [OK] npm
2026-09-04 15:07:10,251 - INFO - 
2026-09-04 15:07:10,251 - INFO - Selecting ports...
2026-09-04 15:07:14,343 - INFO - [OK] Backend  : 9100
2026-09-04 15:07:14,343 - INFO - [OK] Frontend : 9121
2026-09-04 15:07:14,343 - INFO - 
2026-09-04 15:07:14,344 - INFO - Starting backend...
2026-09-04 15:07:29,563 - INFO - [OK] Backend Ready
2026-09-04 15:07:29,563 - INFO - Starting frontend...
2026-09-04 15:07:30,616 - INFO - [OK] Frontend Ready
2026-09-04 15:07:30,618 - INFO - 
2026-09-04 15:07:30,618 - INFO - ========================================
2026-09-04 15:07:30,618 - INFO - SYSTEM STATUS: RUNNING
2026-09-04 15:07:30,618 - INFO - ========================================
2026-09-04 15:07:30,618 - INFO - 
2026-09-04 15:07:30,618 - INFO - Monitoring Server:
2026-09-04 15:07:30,619 - INFO - 10.119.43.25
2026-09-04 15:07:30,619 - INFO - 
2026-09-04 15:07:30,619 - INFO - Printer Networks:
2026-09-04 15:07:30,619 - INFO - 10.119.34.0/24
2026-09-04 15:07:30,619 - INFO - 10.119.43.0/24
2026-09-04 15:07:30,619 - INFO - 
2026-09-04 15:07:30,619 - INFO - Frontend:
2026-09-04 15:07:30,619 - INFO - http://10.119.43.25:9121
2026-09-04 15:07:30,620 - INFO - 
2026-09-04 15:07:30,620 - INFO - Opening browser...
2026-09-04 15:07:30,620 - INFO - ========================================
2026-09-04 15:07:30,697 - INFO - READY
2026-09-04 15:22:33,867 - INFO - STOP
2026-09-04 15:22:34,552 - INFO - Backend stopped
2026-09-04 15:22:35,174 - INFO - Frontend stopped
2026-09-04 15:22:37,175 - INFO - START
2026-09-04 15:22:37,175 - INFO - ========================================
2026-09-04 15:22:37,175 - INFO -        PRINTER MONITORING SYSTEM
2026-09-04 15:22:37,175 - INFO - ========================================
2026-09-04 15:22:37,175 - INFO - 
2026-09-04 15:22:37,175 - INFO - Checking environment...
2026-09-04 15:22:37,176 - INFO - [OK] Python
2026-09-04 15:22:37,176 - INFO - [OK] Node.js
2026-09-04 15:22:37,176 - INFO - [OK] npm
2026-09-04 15:22:37,176 - INFO - 
2026-09-04 15:22:37,176 - INFO - Selecting ports...
2026-09-04 15:22:41,272 - INFO - [OK] Backend  : 9100
2026-09-04 15:22:41,272 - INFO - [OK] Frontend : 9121
2026-09-04 15:22:41,272 - INFO - 
2026-09-04 15:22:41,273 - INFO - Starting backend...
2026-09-04 15:22:56,705 - INFO - [OK] Backend Ready
2026-09-04 15:22:56,705 - INFO - Starting frontend...
2026-09-04 15:22:57,745 - INFO - [OK] Frontend Ready
2026-09-04 15:22:57,746 - INFO - 
2026-09-04 15:22:57,746 - INFO - ========================================
2026-09-04 15:22:57,746 - INFO - SYSTEM STATUS: RUNNING
2026-09-04 15:22:57,746 - INFO - ========================================
2026-09-04 15:22:57,746 - INFO - 
2026-09-04 15:22:57,746 - INFO - Monitoring Server:
2026-09-04 15:22:57,747 - INFO - 10.119.43.25
2026-09-04 15:22:57,747 - INFO - 
2026-09-04 15:22:57,747 - INFO - Printer Networks:
2026-09-04 15:22:57,747 - INFO - 10.119.34.0/24
2026-09-04 15:22:57,747 - INFO - 10.119.43.0/24
2026-09-04 15:22:57,747 - INFO - 
2026-09-04 15:22:57,747 - INFO - Frontend:
2026-09-04 15:22:57,747 - INFO - http://10.119.43.25:9121
2026-09-04 15:22:57,747 - INFO - 
2026-09-04 15:22:57,747 - INFO - Opening browser...
2026-09-04 15:22:57,747 - INFO - ========================================
2026-09-04 15:22:57,816 - INFO - READY
2026-09-04 15:43:14,255 - INFO - STOP
2026-09-04 15:43:14,900 - INFO - Backend stopped
2026-09-04 15:43:15,543 - INFO - Frontend stopped
2026-09-04 15:43:17,544 - INFO - START
2026-09-04 15:43:17,544 - INFO - ========================================
2026-09-04 15:43:17,545 - INFO -        PRINTER MONITORING SYSTEM
2026-09-04 15:43:17,545 - INFO - ========================================
2026-09-04 15:43:17,545 - INFO - 
2026-09-04 15:43:17,545 - INFO - Checking environment...
2026-09-04 15:43:17,545 - INFO - [OK] Python
2026-09-04 15:43:17,545 - INFO - [OK] Node.js
2026-09-04 15:43:17,545 - INFO - [OK] npm
2026-09-04 15:43:17,545 - INFO - 
2026-09-04 15:43:17,546 - INFO - Selecting ports...
2026-09-04 15:43:21,645 - INFO - [OK] Backend  : 9100
2026-09-04 15:43:21,645 - INFO - [OK] Frontend : 9121
2026-09-04 15:43:21,645 - INFO - 
2026-09-04 15:43:21,647 - INFO - Starting backend...
2026-09-04 15:43:39,848 - INFO - [OK] Backend Ready
2026-09-04 15:43:39,848 - INFO - Starting frontend...
2026-09-04 15:43:40,902 - INFO - [OK] Frontend Ready
2026-09-04 15:43:40,903 - INFO - 
2026-09-04 15:43:40,903 - INFO - ========================================
2026-09-04 15:43:40,903 - INFO - SYSTEM STATUS: RUNNING
2026-09-04 15:43:40,903 - INFO - ========================================
2026-09-04 15:43:40,903 - INFO - 
2026-09-04 15:43:40,904 - INFO - Monitoring Server:
2026-09-04 15:43:40,904 - INFO - 10.119.43.25
2026-09-04 15:43:40,904 - INFO - 
2026-09-04 15:43:40,904 - INFO - Printer Networks:
2026-09-04 15:43:40,904 - INFO - 10.119.34.0/24
2026-09-04 15:43:40,904 - INFO - 10.119.43.0/24
2026-09-04 15:43:40,904 - INFO - 
2026-09-04 15:43:40,904 - INFO - Frontend:
2026-09-04 15:43:40,905 - INFO - http://10.119.43.25:9121
2026-09-04 15:43:40,905 - INFO - 
2026-09-04 15:43:40,905 - INFO - Opening browser...
2026-09-04 15:43:40,905 - INFO - ========================================
2026-09-04 15:43:40,989 - INFO - READY
2026-09-04 15:55:43,748 - INFO - STOP
2026-09-04 15:55:44,509 - INFO - Backend stopped
2026-09-04 15:55:45,236 - INFO - Frontend stopped
2026-09-04 15:55:47,237 - INFO - START
2026-09-04 15:55:47,237 - INFO - ========================================
2026-09-04 15:55:47,237 - INFO -        PRINTER MONITORING SYSTEM
2026-09-04 15:55:47,237 - INFO - ========================================
2026-09-04 15:55:47,237 - INFO - 
2026-09-04 15:55:47,237 - INFO - Checking environment...
2026-09-04 15:55:47,238 - INFO - [OK] Python
2026-09-04 15:55:47,238 - INFO - [OK] Node.js
2026-09-04 15:55:47,238 - INFO - [OK] npm
2026-09-04 15:55:47,238 - INFO - 
2026-09-04 15:55:47,238 - INFO - Selecting ports...
2026-09-04 15:55:51,341 - INFO - [OK] Backend  : 9100
2026-09-04 15:55:51,342 - INFO - [OK] Frontend : 9121
2026-09-04 15:55:51,342 - INFO - 
2026-09-04 15:55:51,343 - INFO - Starting backend...
2026-09-04 15:56:05,206 - INFO - [OK] Backend Ready
2026-09-04 15:56:05,206 - INFO - Starting frontend...
2026-09-04 15:56:06,252 - INFO - [OK] Frontend Ready
2026-09-04 15:56:06,253 - INFO - 
2026-09-04 15:56:06,253 - INFO - ========================================
2026-09-04 15:56:06,253 - INFO - SYSTEM STATUS: RUNNING
2026-09-04 15:56:06,253 - INFO - ========================================
2026-09-04 15:56:06,253 - INFO - 
2026-09-04 15:56:06,253 - INFO - Monitoring Server:
2026-09-04 15:56:06,253 - INFO - 10.119.43.25
2026-09-04 15:56:06,253 - INFO - 
2026-09-04 15:56:06,253 - INFO - Printer Networks:
2026-09-04 15:56:06,253 - INFO - 10.119.34.0/24
2026-09-04 15:56:06,253 - INFO - 10.119.43.0/24
2026-09-04 15:56:06,253 - INFO - 
2026-09-04 15:56:06,253 - INFO - Frontend:
2026-09-04 15:56:06,253 - INFO - http://10.119.43.25:9121
2026-09-04 15:56:06,253 - INFO - 
2026-09-04 15:56:06,253 - INFO - Opening browser...
2026-09-04 15:56:06,254 - INFO - ========================================
2026-09-04 15:56:06,316 - INFO - READY
2026-09-04 16:00:24,776 - INFO - STOP
2026-09-04 16:00:25,327 - INFO - Backend stopped
2026-09-04 16:00:25,865 - INFO - Frontend stopped
2026-09-04 16:00:27,865 - INFO - START
2026-09-04 16:00:27,865 - INFO - ========================================
2026-09-04 16:00:27,865 - INFO -        PRINTER MONITORING SYSTEM
2026-09-04 16:00:27,866 - INFO - ========================================
2026-09-04 16:00:27,866 - INFO - 
2026-09-04 16:00:27,866 - INFO - Checking environment...
2026-09-04 16:00:27,866 - INFO - [OK] Python
2026-09-04 16:00:27,866 - INFO - [OK] Node.js
2026-09-04 16:00:27,866 - INFO - [OK] npm
2026-09-04 16:00:27,866 - INFO - 
2026-09-04 16:00:27,866 - INFO - Selecting ports...
2026-09-04 16:00:31,954 - INFO - [OK] Backend  : 9100
2026-09-04 16:00:31,955 - INFO - [OK] Frontend : 9121
2026-09-04 16:00:31,955 - INFO - 
2026-09-04 16:00:31,956 - INFO - Starting backend...
2026-09-04 16:00:47,744 - INFO - [OK] Backend Ready
2026-09-04 16:00:47,744 - INFO - Starting frontend...
2026-09-04 16:00:48,788 - INFO - [OK] Frontend Ready
2026-09-04 16:00:48,790 - INFO - 
2026-09-04 16:00:48,790 - INFO - ========================================
2026-09-04 16:00:48,790 - INFO - SYSTEM STATUS: RUNNING
2026-09-04 16:00:48,790 - INFO - ========================================
2026-09-04 16:00:48,790 - INFO - 
2026-09-04 16:00:48,791 - INFO - Monitoring Server:
2026-09-04 16:00:48,791 - INFO - 10.119.43.25
2026-09-04 16:00:48,791 - INFO - 
2026-09-04 16:00:48,791 - INFO - Printer Networks:
2026-09-04 16:00:48,791 - INFO - 10.119.34.0/24
2026-09-04 16:00:48,791 - INFO - 10.119.43.0/24
2026-09-04 16:00:48,791 - INFO - 
2026-09-04 16:00:48,792 - INFO - Frontend:
2026-09-04 16:00:48,792 - INFO - http://10.119.43.25:9121
2026-09-04 16:00:48,792 - INFO - 
2026-09-04 16:00:48,792 - INFO - Opening browser...
2026-09-04 16:00:48,792 - INFO - ========================================
2026-09-04 16:00:48,905 - INFO - READY
2026-09-04 16:13:36,259 - INFO - STOP
2026-09-04 16:13:36,806 - INFO - Backend stopped
2026-09-04 16:13:37,342 - INFO - Frontend stopped
2026-09-04 16:13:39,342 - INFO - START
2026-09-04 16:13:39,343 - INFO - ========================================
2026-09-04 16:13:39,343 - INFO -        PRINTER MONITORING SYSTEM
2026-09-04 16:13:39,343 - INFO - ========================================
2026-09-04 16:13:39,343 - INFO - 
2026-09-04 16:13:39,343 - INFO - Checking environment...
2026-09-04 16:13:39,343 - INFO - [OK] Python
2026-09-04 16:13:39,343 - INFO - [OK] Node.js
2026-09-04 16:13:39,343 - INFO - [OK] npm
2026-09-04 16:13:39,343 - INFO - 
2026-09-04 16:13:39,343 - INFO - Selecting ports...
2026-09-04 16:13:43,438 - INFO - [OK] Backend  : 9100
2026-09-04 16:13:43,438 - INFO - [OK] Frontend : 9121
2026-09-04 16:13:43,438 - INFO - 
2026-09-04 16:13:43,439 - INFO - Starting backend...
2026-09-04 16:13:58,644 - INFO - [OK] Backend Ready
2026-09-04 16:13:58,644 - INFO - Starting frontend...
2026-09-04 16:13:59,684 - INFO - [OK] Frontend Ready
2026-09-04 16:13:59,685 - INFO - 
2026-09-04 16:13:59,685 - INFO - ========================================
2026-09-04 16:13:59,685 - INFO - SYSTEM STATUS: RUNNING
2026-09-04 16:13:59,686 - INFO - ========================================
2026-09-04 16:13:59,686 - INFO - 
2026-09-04 16:13:59,686 - INFO - Monitoring Server:
2026-09-04 16:13:59,686 - INFO - 10.119.43.25
2026-09-04 16:13:59,686 - INFO - 
2026-09-04 16:13:59,686 - INFO - Printer Networks:
2026-09-04 16:13:59,686 - INFO - 10.119.34.0/24
2026-09-04 16:13:59,686 - INFO - 10.119.43.0/24
2026-09-04 16:13:59,686 - INFO - 
2026-09-04 16:13:59,686 - INFO - Frontend:
2026-09-04 16:13:59,686 - INFO - http://10.119.43.25:9121
2026-09-04 16:13:59,686 - INFO - 
2026-09-04 16:13:59,686 - INFO - Opening browser...
2026-09-04 16:13:59,686 - INFO - ========================================
2026-09-04 16:13:59,746 - INFO - READY
2026-09-04 16:21:44,180 - INFO - Backend stopped
2026-09-04 16:21:44,771 - INFO - Frontend stopped
2026-09-04 16:23:54,760 - INFO - STOP
2026-09-04 16:23:54,761 - INFO - Backend is not running
2026-09-04 16:23:54,761 - INFO - Frontend is not running
2026-09-04 16:23:56,762 - INFO - START
2026-09-04 16:23:56,762 - INFO - ========================================
2026-09-04 16:23:56,762 - INFO -        PRINTER MONITORING SYSTEM
2026-09-04 16:23:56,762 - INFO - ========================================
2026-09-04 16:23:56,762 - INFO - 
2026-09-04 16:23:56,762 - INFO - Checking environment...
2026-09-04 16:23:56,762 - INFO - [OK] Python
2026-09-04 16:23:56,762 - INFO - [OK] Node.js
2026-09-04 16:23:56,762 - INFO - [OK] npm
2026-09-04 16:23:56,762 - INFO - 
2026-09-04 16:23:56,762 - INFO - Selecting ports...
2026-09-04 16:24:00,867 - INFO - [OK] Backend  : 9100
2026-09-04 16:24:00,867 - INFO - [OK] Frontend : 9121
2026-09-04 16:24:00,867 - INFO - 
2026-09-04 16:24:00,868 - INFO - Starting backend...
2026-09-04 16:24:14,721 - INFO - [OK] Backend Ready
2026-09-04 16:24:14,721 - INFO - Starting frontend...
2026-09-04 16:24:15,760 - INFO - [OK] Frontend Ready
2026-09-04 16:24:15,761 - INFO - 
2026-09-04 16:24:15,761 - INFO - ========================================
2026-09-04 16:24:15,761 - INFO - SYSTEM STATUS: RUNNING
2026-09-04 16:24:15,761 - INFO - ========================================
2026-09-04 16:24:15,761 - INFO - 
2026-09-04 16:24:15,761 - INFO - Monitoring Server:
2026-09-04 16:24:15,761 - INFO - 10.119.43.25
2026-09-04 16:24:15,761 - INFO - 
2026-09-04 16:24:15,761 - INFO - Printer Networks:
2026-09-04 16:24:15,761 - INFO - 10.119.34.0/24
2026-09-04 16:24:15,761 - INFO - 10.119.43.0/24
2026-09-04 16:24:15,762 - INFO - 
2026-09-04 16:24:15,762 - INFO - Frontend:
2026-09-04 16:24:15,762 - INFO - http://10.119.43.25:9121
2026-09-04 16:24:15,762 - INFO - 
2026-09-04 16:24:15,762 - INFO - Opening browser...
2026-09-04 16:24:15,762 - INFO - ========================================
2026-09-04 16:24:15,824 - INFO - READY
2026-09-04 16:24:51,078 - INFO - Backend stopped
2026-09-04 16:24:51,667 - INFO - Frontend stopped
2026-09-04 16:24:57,546 - INFO - STOPPED
2026-09-04 16:25:06,397 - INFO - STOP
2026-09-04 16:25:06,397 - INFO - Backend is not running
2026-09-04 16:25:06,397 - INFO - Frontend is not running
2026-09-04 16:25:08,398 - INFO - START
2026-09-04 16:25:08,398 - INFO - ========================================
2026-09-04 16:25:08,398 - INFO -        PRINTER MONITORING SYSTEM
2026-09-04 16:25:08,398 - INFO - ========================================
2026-09-04 16:25:08,398 - INFO - 
2026-09-04 16:25:08,398 - INFO - Checking environment...
2026-09-04 16:25:08,398 - INFO - [OK] Python
2026-09-04 16:25:08,398 - INFO - [OK] Node.js
2026-09-04 16:25:08,398 - INFO - [OK] npm
2026-09-04 16:25:08,398 - INFO - 
2026-09-04 16:25:08,398 - INFO - Selecting ports...
2026-09-04 16:25:12,495 - INFO - [OK] Backend  : 9100
2026-09-04 16:25:12,495 - INFO - [OK] Frontend : 9121
2026-09-04 16:25:12,495 - INFO - 
2026-09-04 16:25:12,496 - INFO - Starting backend...
2026-09-04 16:25:26,328 - INFO - [OK] Backend Ready
2026-09-04 16:25:26,328 - INFO - Starting frontend...
2026-09-04 16:25:27,372 - INFO - [OK] Frontend Ready
2026-09-04 16:25:27,373 - INFO - 
2026-09-04 16:25:27,373 - INFO - ========================================
2026-09-04 16:25:27,373 - INFO - SYSTEM STATUS: RUNNING
2026-09-04 16:25:27,373 - INFO - ========================================
2026-09-04 16:25:27,373 - INFO - 
2026-09-04 16:25:27,374 - INFO - Monitoring Server:
2026-09-04 16:25:27,374 - INFO - 10.119.43.25
2026-09-04 16:25:27,374 - INFO - 
2026-09-04 16:25:27,374 - INFO - Printer Networks:
2026-09-04 16:25:27,374 - INFO - 10.119.34.0/24
2026-09-04 16:25:27,374 - INFO - 10.119.43.0/24
2026-09-04 16:25:27,374 - INFO - 
2026-09-04 16:25:27,374 - INFO - Frontend:
2026-09-04 16:25:27,374 - INFO - http://10.119.43.25:9121
2026-09-04 16:25:27,374 - INFO - 
2026-09-04 16:25:27,374 - INFO - Opening browser...
2026-09-04 16:25:27,374 - INFO - ========================================
2026-09-04 16:25:27,438 - INFO - READY
2026-09-04 16:36:09,495 - INFO - Backend stopped
2026-09-04 16:36:10,096 - INFO - Frontend stopped
2026-09-04 16:36:20,400 - INFO - ========================================
2026-09-04 16:36:20,400 - INFO -        PRINTER MONITORING SYSTEM
2026-09-04 16:36:20,400 - INFO - ========================================
2026-09-04 16:36:20,400 - INFO - 
2026-09-04 16:36:20,400 - INFO - Checking environment...
2026-09-04 16:36:20,400 - INFO - [OK] Python
2026-09-04 16:36:20,400 - INFO - [OK] Node.js
2026-09-04 16:36:20,400 - INFO - [OK] npm
2026-09-04 16:36:20,400 - INFO - 
2026-09-04 16:36:20,400 - INFO - Selecting ports...
2026-09-04 16:36:24,506 - INFO - [OK] Backend  : 9100
2026-09-04 16:36:24,506 - INFO - [OK] Frontend : 9121
2026-09-04 16:36:24,506 - INFO - 
2026-09-04 16:36:24,507 - INFO - Starting backend...
2026-09-04 16:36:39,932 - INFO - [OK] Backend Ready
2026-09-04 16:36:39,932 - INFO - Starting frontend...
2026-09-04 16:36:40,967 - INFO - [OK] Frontend Ready
2026-09-04 16:36:40,968 - INFO - 
2026-09-04 16:36:40,968 - INFO - ========================================
2026-09-04 16:36:40,968 - INFO - SYSTEM STATUS: RUNNING
2026-09-04 16:36:40,968 - INFO - ========================================
2026-09-04 16:36:40,968 - INFO - 
2026-09-04 16:36:40,968 - INFO - Monitoring Server:
2026-09-04 16:36:40,968 - INFO - 10.119.43.25
2026-09-04 16:36:40,969 - INFO - 
2026-09-04 16:36:40,969 - INFO - Printer Networks:
2026-09-04 16:36:40,969 - INFO - 10.119.34.0/24
2026-09-04 16:36:40,969 - INFO - 10.119.43.0/24
2026-09-04 16:36:40,969 - INFO - 
2026-09-04 16:36:40,969 - INFO - Frontend:
2026-09-04 16:36:40,969 - INFO - http://10.119.43.25:9121
2026-09-04 16:36:40,969 - INFO - 
2026-09-04 16:36:40,969 - INFO - Opening browser...
2026-09-04 16:36:40,969 - INFO - ========================================
2026-09-04 16:48:15,200 - INFO - STOP
2026-09-04 16:48:15,745 - INFO - Backend stopped
2026-09-04 16:48:16,280 - INFO - Frontend stopped
2026-09-04 16:48:18,281 - INFO - START
2026-09-04 16:48:18,281 - INFO - ========================================
2026-09-04 16:48:18,281 - INFO -        PRINTER MONITORING SYSTEM
2026-09-04 16:48:18,281 - INFO - ========================================
2026-09-04 16:48:18,282 - INFO - 
2026-09-04 16:48:18,282 - INFO - Checking environment...
2026-09-04 16:48:18,282 - INFO - [OK] Python
2026-09-04 16:48:18,282 - INFO - [OK] Node.js
2026-09-04 16:48:18,282 - INFO - [OK] npm
2026-09-04 16:48:18,282 - INFO - 
2026-09-04 16:48:18,282 - INFO - Selecting ports...
2026-09-04 16:48:22,368 - INFO - [OK] Backend  : 9100
2026-09-04 16:48:22,368 - INFO - [OK] Frontend : 9121
2026-09-04 16:48:22,368 - INFO - 
2026-09-04 16:48:22,369 - INFO - Starting backend...
2026-09-04 16:48:38,265 - INFO - [OK] Backend Ready
2026-09-04 16:48:38,265 - INFO - Starting frontend...
2026-09-04 16:48:39,291 - INFO - [OK] Frontend Ready
2026-09-04 16:48:39,293 - INFO - 
2026-09-04 16:48:39,293 - INFO - ========================================
2026-09-04 16:48:39,293 - INFO - SYSTEM STATUS: RUNNING
2026-09-04 16:48:39,293 - INFO - ========================================
2026-09-04 16:48:39,293 - INFO - 
2026-09-04 16:48:39,293 - INFO - Monitoring Server:
2026-09-04 16:48:39,293 - INFO - 10.119.43.25
2026-09-04 16:48:39,293 - INFO - 
2026-09-04 16:48:39,294 - INFO - Printer Networks:
2026-09-04 16:48:39,294 - INFO - 10.119.34.0/24
2026-09-04 16:48:39,294 - INFO - 10.119.43.0/24
2026-09-04 16:48:39,294 - INFO - 
2026-09-04 16:48:39,294 - INFO - Frontend:
2026-09-04 16:48:39,294 - INFO - http://10.119.43.25:9121
2026-09-04 16:48:39,294 - INFO - 
2026-09-04 16:48:39,294 - INFO - Opening browser...
2026-09-04 16:48:39,295 - INFO - ========================================
2026-09-04 16:48:39,391 - INFO - READY
2026-09-04 16:59:57,748 - INFO - STOP
2026-09-04 16:59:58,510 - INFO - Backend stopped
2026-09-04 16:59:59,288 - INFO - Frontend stopped
2026-09-04 17:00:01,289 - INFO - START
2026-09-04 17:00:01,290 - INFO - ========================================
2026-09-04 17:00:01,290 - INFO -        PRINTER MONITORING SYSTEM
2026-09-04 17:00:01,290 - INFO - ========================================
2026-09-04 17:00:01,290 - INFO - 
2026-09-04 17:00:01,290 - INFO - Checking environment...
2026-09-04 17:00:01,290 - INFO - [OK] Python
2026-09-04 17:00:01,291 - INFO - [OK] Node.js
2026-09-04 17:00:01,291 - INFO - [OK] npm
2026-09-04 17:00:01,291 - INFO - 
2026-09-04 17:00:01,291 - INFO - Selecting ports...
2026-09-04 17:00:05,379 - INFO - [OK] Backend  : 9100
2026-09-04 17:00:05,380 - INFO - [OK] Frontend : 9121
2026-09-04 17:00:05,380 - INFO - 
2026-09-04 17:00:05,381 - INFO - Starting backend...
2026-09-04 17:00:20,587 - INFO - [OK] Backend Ready
2026-09-04 17:00:20,588 - INFO - Starting frontend...
2026-09-04 17:00:21,627 - INFO - [OK] Frontend Ready
2026-09-04 17:00:21,628 - INFO - 
2026-09-04 17:00:21,628 - INFO - ========================================
2026-09-04 17:00:21,628 - INFO - SYSTEM STATUS: RUNNING
2026-09-04 17:00:21,628 - INFO - ========================================
2026-09-04 17:00:21,629 - INFO - 
2026-09-04 17:00:21,629 - INFO - Monitoring Server:
2026-09-04 17:00:21,629 - INFO - 10.119.43.25
2026-09-04 17:00:21,629 - INFO - 
2026-09-04 17:00:21,629 - INFO - Printer Networks:
2026-09-04 17:00:21,629 - INFO - 10.119.34.0/24
2026-09-04 17:00:21,629 - INFO - 10.119.43.0/24
2026-09-04 17:00:21,629 - INFO - 
2026-09-04 17:00:21,629 - INFO - Frontend:
2026-09-04 17:00:21,629 - INFO - http://10.119.43.25:9121
2026-09-04 17:00:21,630 - INFO - 
2026-09-04 17:00:21,630 - INFO - Opening browser...
2026-09-04 17:00:21,630 - INFO - ========================================
2026-09-04 17:00:21,696 - INFO - READY
2026-09-04 17:03:49,004 - INFO - Backend stopped
2026-09-04 17:03:49,539 - INFO - Frontend stopped
2026-09-04 17:06:26,814 - INFO - STOP
2026-09-04 17:06:26,815 - INFO - Backend is not running
2026-09-04 17:06:26,815 - INFO - Frontend is not running
2026-09-04 17:06:28,815 - INFO - START
2026-09-04 17:06:28,816 - INFO - ========================================
2026-09-04 17:06:28,816 - INFO -        PRINTER MONITORING SYSTEM
2026-09-04 17:06:28,816 - INFO - ========================================
2026-09-04 17:06:28,816 - INFO - 
2026-09-04 17:06:28,816 - INFO - Checking environment...
2026-09-04 17:06:28,816 - INFO - [OK] Python
2026-09-04 17:06:28,816 - INFO - [OK] Node.js
2026-09-04 17:06:28,816 - INFO - [OK] npm
2026-09-04 17:06:28,817 - INFO - 
2026-09-04 17:06:28,817 - INFO - Selecting ports...
2026-09-04 17:06:32,914 - INFO - [OK] Backend  : 9100
2026-09-04 17:06:32,914 - INFO - [OK] Frontend : 9121
2026-09-04 17:06:32,914 - INFO - 
2026-09-04 17:06:32,915 - INFO - Starting backend...
2026-09-04 17:06:48,109 - INFO - [OK] Backend Ready
2026-09-04 17:06:48,109 - INFO - Starting frontend...
2026-09-04 17:06:49,169 - INFO - [OK] Frontend Ready
2026-09-04 17:06:49,170 - INFO - 
2026-09-04 17:06:49,171 - INFO - ========================================
2026-09-04 17:06:49,171 - INFO - SYSTEM STATUS: RUNNING
2026-09-04 17:06:49,171 - INFO - ========================================
2026-09-04 17:06:49,171 - INFO - 
2026-09-04 17:06:49,171 - INFO - Monitoring Server:
2026-09-04 17:06:49,171 - INFO - 10.119.43.25
2026-09-04 17:06:49,171 - INFO - 
2026-09-04 17:06:49,171 - INFO - Printer Networks:
2026-09-04 17:06:49,171 - INFO - 10.119.34.0/24
2026-09-04 17:06:49,171 - INFO - 10.119.43.0/24
2026-09-04 17:06:49,171 - INFO - 
2026-09-04 17:06:49,171 - INFO - Frontend:
2026-09-04 17:06:49,171 - INFO - http://10.119.43.25:9121
2026-09-04 17:06:49,171 - INFO - 
2026-09-04 17:06:49,171 - INFO - Opening browser...
2026-09-04 17:06:49,171 - INFO - ========================================
2026-09-04 17:06:49,231 - INFO - READY
2026-09-04 17:12:47,709 - INFO - Backend stopped
2026-09-04 17:12:48,261 - INFO - Frontend stopped
2026-09-04 17:13:17,720 - INFO - STOP
2026-09-04 17:13:17,720 - INFO - Backend is not running
2026-09-04 17:13:17,721 - INFO - Frontend is not running
2026-09-04 17:13:19,721 - INFO - START
2026-09-04 17:13:19,721 - INFO - ========================================
2026-09-04 17:13:19,721 - INFO -        PRINTER MONITORING SYSTEM
2026-09-04 17:13:19,721 - INFO - ========================================
2026-09-04 17:13:19,721 - INFO - 
2026-09-04 17:13:19,722 - INFO - Checking environment...
2026-09-04 17:13:19,722 - INFO - [OK] Python
2026-09-04 17:13:19,722 - INFO - [OK] Node.js
2026-09-04 17:13:19,722 - INFO - [OK] npm
2026-09-04 17:13:19,722 - INFO - 
2026-09-04 17:13:19,722 - INFO - Selecting ports...
2026-09-04 17:13:23,818 - INFO - [OK] Backend  : 9100
2026-09-04 17:13:23,818 - INFO - [OK] Frontend : 9121
2026-09-04 17:13:23,818 - INFO - 
2026-09-04 17:13:23,820 - INFO - Starting backend...
2026-09-04 17:13:39,015 - INFO - [OK] Backend Ready
2026-09-04 17:13:39,015 - INFO - Starting frontend...
2026-09-04 17:13:40,061 - INFO - [OK] Frontend Ready
2026-09-04 17:13:40,062 - INFO - 
2026-09-04 17:13:40,063 - INFO - ========================================
2026-09-04 17:13:40,063 - INFO - SYSTEM STATUS: RUNNING
2026-09-04 17:13:40,063 - INFO - ========================================
2026-09-04 17:13:40,063 - INFO - 
2026-09-04 17:13:40,063 - INFO - Monitoring Server:
2026-09-04 17:13:40,063 - INFO - 10.119.43.25
2026-09-04 17:13:40,063 - INFO - 
2026-09-04 17:13:40,063 - INFO - Printer Networks:
2026-09-04 17:13:40,063 - INFO - 10.119.34.0/24
2026-09-04 17:13:40,063 - INFO - 10.119.43.0/24
2026-09-04 17:13:40,063 - INFO - 
2026-09-04 17:13:40,063 - INFO - Frontend:
2026-09-04 17:13:40,063 - INFO - http://10.119.43.25:9121
2026-09-04 17:13:40,063 - INFO - 
2026-09-04 17:13:40,063 - INFO - Opening browser...
2026-09-04 17:13:40,063 - INFO - ========================================
2026-09-04 17:13:40,124 - INFO - READY
2026-09-04 17:20:57,815 - INFO - Backend stopped
2026-09-04 17:20:58,409 - INFO - Frontend stopped
2026-09-04 17:21:04,112 - INFO - STOP
2026-09-04 17:21:04,112 - INFO - Backend is not running
2026-09-04 17:21:04,112 - INFO - Frontend is not running
2026-09-04 17:21:06,113 - INFO - START
2026-09-04 17:21:06,114 - INFO - ========================================
2026-09-04 17:21:06,114 - INFO -        PRINTER MONITORING SYSTEM
2026-09-04 17:21:06,114 - INFO - ========================================
2026-09-04 17:21:06,114 - INFO - 
2026-09-04 17:21:06,114 - INFO - Checking environment...
2026-09-04 17:21:06,114 - INFO - [OK] Python
2026-09-04 17:21:06,114 - INFO - [OK] Node.js
2026-09-04 17:21:06,114 - INFO - [OK] npm
2026-09-04 17:21:06,115 - INFO - 
2026-09-04 17:21:06,115 - INFO - Selecting ports...
2026-09-04 17:21:10,210 - INFO - [OK] Backend  : 9100
2026-09-04 17:21:10,210 - INFO - [OK] Frontend : 9121
2026-09-04 17:21:10,210 - INFO - 
2026-09-04 17:21:10,211 - INFO - Starting backend...
2026-09-04 17:21:26,743 - INFO - [OK] Backend Ready
2026-09-04 17:21:26,743 - INFO - Starting frontend...
2026-09-04 17:21:27,792 - INFO - [OK] Frontend Ready
2026-09-04 17:21:27,793 - INFO - 
2026-09-04 17:21:27,794 - INFO - ========================================
2026-09-04 17:21:27,794 - INFO - SYSTEM STATUS: RUNNING
2026-09-04 17:21:27,794 - INFO - ========================================
2026-09-04 17:21:27,794 - INFO - 
2026-09-04 17:21:27,794 - INFO - Monitoring Server:
2026-09-04 17:21:27,794 - INFO - 10.119.43.25
2026-09-04 17:21:27,794 - INFO - 
2026-09-04 17:21:27,794 - INFO - Printer Networks:
2026-09-04 17:21:27,795 - INFO - 10.119.34.0/24
2026-09-04 17:21:27,795 - INFO - 10.119.43.0/24
2026-09-04 17:21:27,795 - INFO - 
2026-09-04 17:21:27,795 - INFO - Frontend:
2026-09-04 17:21:27,795 - INFO - http://10.119.43.25:9121
2026-09-04 17:21:27,795 - INFO - 
2026-09-04 17:21:27,795 - INFO - Opening browser...
2026-09-04 17:21:27,795 - INFO - ========================================
2026-09-04 17:21:27,893 - INFO - READY
2026-09-04 17:51:40,339 - INFO - STOP
2026-09-04 17:51:41,027 - INFO - Backend stopped
2026-09-04 17:51:41,700 - INFO - Frontend stopped
2026-09-04 17:51:43,701 - INFO - START
2026-09-04 17:51:43,702 - INFO - ========================================
2026-09-04 17:51:43,702 - INFO -        PRINTER MONITORING SYSTEM
2026-09-04 17:51:43,702 - INFO - ========================================
2026-09-04 17:51:43,702 - INFO - 
2026-09-04 17:51:43,702 - INFO - Checking environment...
2026-09-04 17:51:43,702 - INFO - [OK] Python
2026-09-04 17:51:43,702 - INFO - [OK] Node.js
2026-09-04 17:51:43,702 - INFO - [OK] npm
2026-09-04 17:51:43,702 - INFO - 
2026-09-04 17:51:43,702 - INFO - Selecting ports...
2026-09-04 17:51:47,789 - INFO - [OK] Backend  : 9100
2026-09-04 17:51:47,789 - INFO - [OK] Frontend : 9121
2026-09-04 17:51:47,789 - INFO - 
2026-09-04 17:51:47,791 - INFO - Starting backend...
2026-09-04 17:52:03,520 - INFO - [OK] Backend Ready
2026-09-04 17:52:03,521 - INFO - Starting frontend...
2026-09-04 17:52:04,573 - INFO - [OK] Frontend Ready
2026-09-04 17:52:04,574 - INFO - 
2026-09-04 17:52:04,574 - INFO - ========================================
2026-09-04 17:52:04,574 - INFO - SYSTEM STATUS: RUNNING
2026-09-04 17:52:04,574 - INFO - ========================================
2026-09-04 17:52:04,574 - INFO - 
2026-09-04 17:52:04,574 - INFO - Monitoring Server:
2026-09-04 17:52:04,574 - INFO - 10.119.43.25
2026-09-04 17:52:04,574 - INFO - 
2026-09-04 17:52:04,574 - INFO - Printer Networks:
2026-09-04 17:52:04,574 - INFO - 10.119.34.0/24
2026-09-04 17:52:04,574 - INFO - 10.119.43.0/24
2026-09-04 17:52:04,575 - INFO - 
2026-09-04 17:52:04,575 - INFO - Frontend:
2026-09-04 17:52:04,575 - INFO - http://10.119.43.25:9121
2026-09-04 17:52:04,575 - INFO - 
2026-09-04 17:52:04,575 - INFO - Opening browser...
2026-09-04 17:52:04,575 - INFO - ========================================
2026-09-04 17:52:04,647 - INFO - READY
2026-09-04 17:59:15,837 - INFO - STOP
2026-09-04 17:59:16,662 - INFO - Backend stopped
2026-09-04 17:59:17,230 - INFO - Frontend stopped
2026-09-04 17:59:19,230 - INFO - START
2026-09-04 17:59:19,231 - INFO - ========================================
2026-09-04 17:59:19,231 - INFO -        PRINTER MONITORING SYSTEM
2026-09-04 17:59:19,231 - INFO - ========================================
2026-09-04 17:59:19,231 - INFO - 
2026-09-04 17:59:19,231 - INFO - Checking environment...
2026-09-04 17:59:19,231 - INFO - [OK] Python
2026-09-04 17:59:19,231 - INFO - [OK] Node.js
2026-09-04 17:59:19,231 - INFO - [OK] npm
2026-09-04 17:59:19,231 - INFO - 
2026-09-04 17:59:19,231 - INFO - Selecting ports...
2026-09-04 17:59:23,323 - INFO - [OK] Backend  : 9100
2026-09-04 17:59:23,324 - INFO - [OK] Frontend : 9121
2026-09-04 17:59:23,324 - INFO - 
2026-09-04 17:59:23,325 - INFO - Starting backend...
2026-09-04 17:59:38,970 - INFO - [OK] Backend Ready
2026-09-04 17:59:38,970 - INFO - Starting frontend...
2026-09-04 17:59:39,513 - INFO - [OK] Frontend Ready
2026-09-04 17:59:39,514 - INFO - 
2026-09-04 17:59:39,514 - INFO - ========================================
2026-09-04 17:59:39,514 - INFO - SYSTEM STATUS: RUNNING
2026-09-04 17:59:39,515 - INFO - ========================================
2026-09-04 17:59:39,515 - INFO - 
2026-09-04 17:59:39,515 - INFO - Monitoring Server:
2026-09-04 17:59:39,515 - INFO - 10.119.43.25
2026-09-04 17:59:39,515 - INFO - 
2026-09-04 17:59:39,515 - INFO - Printer Networks:
2026-09-04 17:59:39,515 - INFO - 10.119.34.0/24
2026-09-04 17:59:39,515 - INFO - 10.119.43.0/24
2026-09-04 17:59:39,515 - INFO - 
2026-09-04 17:59:39,516 - INFO - Frontend:
2026-09-04 17:59:39,516 - INFO - http://10.119.43.25:9121
2026-09-04 17:59:39,516 - INFO - 
2026-09-04 17:59:39,516 - INFO - Opening browser...
2026-09-04 17:59:39,516 - INFO - ========================================
2026-09-04 17:59:39,589 - INFO - READY
2026-09-04 18:11:20,600 - INFO - STOP
2026-09-04 18:11:21,162 - INFO - Backend stopped
2026-09-04 18:11:21,714 - INFO - Frontend stopped
2026-09-04 18:11:23,715 - INFO - START
2026-09-04 18:11:23,715 - INFO - ========================================
2026-09-04 18:11:23,715 - INFO -        PRINTER MONITORING SYSTEM
2026-09-04 18:11:23,715 - INFO - ========================================
2026-09-04 18:11:23,715 - INFO - 
2026-09-04 18:11:23,715 - INFO - Checking environment...
2026-09-04 18:11:23,715 - INFO - [OK] Python
2026-09-04 18:11:23,715 - INFO - [OK] Node.js
2026-09-04 18:11:23,715 - INFO - [OK] npm
2026-09-04 18:11:23,715 - INFO - 
2026-09-04 18:11:23,715 - INFO - Selecting ports...
2026-09-04 18:11:27,806 - INFO - [OK] Backend  : 9100
2026-09-04 18:11:27,806 - INFO - [OK] Frontend : 9121
2026-09-04 18:11:27,806 - INFO - 
2026-09-04 18:11:27,807 - INFO - Starting backend...
2026-09-04 18:11:41,640 - INFO - [OK] Backend Ready
2026-09-04 18:11:41,640 - INFO - Starting frontend...
2026-09-04 18:11:42,689 - INFO - [OK] Frontend Ready
2026-09-04 18:11:42,690 - INFO - 
2026-09-04 18:11:42,690 - INFO - ========================================
2026-09-04 18:11:42,690 - INFO - SYSTEM STATUS: RUNNING
2026-09-04 18:11:42,691 - INFO - ========================================
2026-09-04 18:11:42,691 - INFO - 
2026-09-04 18:11:42,691 - INFO - Monitoring Server:
2026-09-04 18:11:42,691 - INFO - 10.119.43.25
2026-09-04 18:11:42,691 - INFO - 
2026-09-04 18:11:42,691 - INFO - Printer Networks:
2026-09-04 18:11:42,691 - INFO - 10.119.34.0/24
2026-09-04 18:11:42,691 - INFO - 10.119.43.0/24
2026-09-04 18:11:42,691 - INFO - 
2026-09-04 18:11:42,691 - INFO - Frontend:
2026-09-04 18:11:42,691 - INFO - http://10.119.43.25:9121
2026-09-04 18:11:42,691 - INFO - 
2026-09-04 18:11:42,691 - INFO - Opening browser...
2026-09-04 18:11:42,691 - INFO - ========================================
2026-09-04 18:11:42,757 - INFO - READY
2026-09-04 23:31:23,667 - INFO - Backend stopped
2026-09-04 23:31:24,382 - INFO - Frontend stopped
2026-09-04 23:51:04,883 - INFO - ========================================
2026-09-04 23:51:04,883 - INFO -        PRINTER MONITORING SYSTEM
2026-09-04 23:51:04,883 - INFO - ========================================
2026-09-04 23:51:04,883 - INFO - 
2026-09-04 23:51:04,883 - INFO - Checking environment...
2026-09-04 23:51:04,883 - INFO - [OK] Python
2026-09-04 23:51:04,884 - INFO - [OK] Node.js
2026-09-04 23:51:04,884 - INFO - [OK] npm
2026-09-04 23:51:04,884 - INFO - 
2026-09-04 23:51:04,884 - INFO - Selecting ports...
2026-09-04 23:51:08,973 - INFO - [OK] Backend  : 9100
2026-09-04 23:51:08,973 - INFO - [OK] Frontend : 9121
2026-09-04 23:51:08,974 - INFO - 
2026-09-04 23:51:08,975 - INFO - Starting backend...
2026-09-04 23:51:12,534 - INFO - [OK] Backend Ready
2026-09-04 23:51:12,534 - INFO - Starting frontend...
2026-09-04 23:51:13,649 - INFO - [OK] Frontend Ready
2026-09-04 23:51:13,650 - INFO - 
2026-09-04 23:51:13,650 - INFO - ========================================
2026-09-04 23:51:13,650 - INFO - SYSTEM STATUS: RUNNING
2026-09-04 23:51:13,650 - INFO - ========================================
2026-09-04 23:51:13,650 - INFO - 
2026-09-04 23:51:13,650 - INFO - Monitoring Server:
2026-09-04 23:51:13,650 - INFO - 10.119.43.25
2026-09-04 23:51:13,650 - INFO - 
2026-09-04 23:51:13,650 - INFO - Printer Networks:
2026-09-04 23:51:13,650 - INFO - 10.119.34.0/24
2026-09-04 23:51:13,650 - INFO - 10.119.43.0/24
2026-09-04 23:51:13,651 - INFO - 
2026-09-04 23:51:13,651 - INFO - Frontend:
2026-09-04 23:51:13,651 - INFO - http://10.119.43.25:9121
2026-09-04 23:51:13,651 - INFO - 
2026-09-04 23:51:13,651 - INFO - Opening browser...
2026-09-04 23:51:13,651 - INFO - ========================================
2026-09-05 00:06:55,332 - INFO - STOP
2026-09-05 00:06:55,955 - INFO - Backend stopped
2026-09-05 00:06:56,574 - INFO - Frontend stopped
2026-09-05 00:06:58,575 - INFO - START
2026-09-05 00:06:58,575 - INFO - ========================================
2026-09-05 00:06:58,575 - INFO -        PRINTER MONITORING SYSTEM
2026-09-05 00:06:58,575 - INFO - ========================================
2026-09-05 00:06:58,575 - INFO - 
2026-09-05 00:06:58,575 - INFO - Checking environment...
2026-09-05 00:06:58,575 - INFO - [OK] Python
2026-09-05 00:06:58,575 - INFO - [OK] Node.js
2026-09-05 00:06:58,576 - INFO - [OK] npm
2026-09-05 00:06:58,576 - INFO - 
2026-09-05 00:06:58,576 - INFO - Selecting ports...
2026-09-05 00:07:02,663 - INFO - [OK] Backend  : 9100
2026-09-05 00:07:02,663 - INFO - [OK] Frontend : 9121
2026-09-05 00:07:02,663 - INFO - 
2026-09-05 00:07:02,665 - INFO - Starting backend...
2026-09-05 00:07:05,696 - INFO - [OK] Backend Ready
2026-09-05 00:07:05,696 - INFO - Starting frontend...
2026-09-05 00:07:06,743 - INFO - [OK] Frontend Ready
2026-09-05 00:07:06,744 - INFO - 
2026-09-05 00:07:06,744 - INFO - ========================================
2026-09-05 00:07:06,744 - INFO - SYSTEM STATUS: RUNNING
2026-09-05 00:07:06,744 - INFO - ========================================
2026-09-05 00:07:06,745 - INFO - 
2026-09-05 00:07:06,745 - INFO - Monitoring Server:
2026-09-05 00:07:06,745 - INFO - 10.119.43.25
2026-09-05 00:07:06,745 - INFO - 
2026-09-05 00:07:06,745 - INFO - Printer Networks:
2026-09-05 00:07:06,745 - INFO - 10.119.34.0/24
2026-09-05 00:07:06,745 - INFO - 10.119.43.0/24
2026-09-05 00:07:06,745 - INFO - 
2026-09-05 00:07:06,745 - INFO - Frontend:
2026-09-05 00:07:06,745 - INFO - http://10.119.43.25:9121
2026-09-05 00:07:06,745 - INFO - 
2026-09-05 00:07:06,745 - INFO - Opening browser...
2026-09-05 00:07:06,745 - INFO - ========================================
2026-09-05 00:07:06,820 - INFO - READY
2026-09-05 00:12:57,498 - INFO - STOP
2026-09-05 00:12:58,169 - INFO - Backend stopped
2026-09-05 00:12:58,877 - INFO - Frontend stopped
2026-09-05 00:13:00,878 - INFO - START
2026-09-05 00:13:00,878 - INFO - ========================================
2026-09-05 00:13:00,878 - INFO -        PRINTER MONITORING SYSTEM
2026-09-05 00:13:00,878 - INFO - ========================================
2026-09-05 00:13:00,878 - INFO - 
2026-09-05 00:13:00,878 - INFO - Checking environment...
2026-09-05 00:13:00,879 - INFO - [OK] Python
2026-09-05 00:13:00,879 - INFO - [OK] Node.js
2026-09-05 00:13:00,879 - INFO - [OK] npm
2026-09-05 00:13:00,879 - INFO - 
2026-09-05 00:13:00,879 - INFO - Selecting ports...
2026-09-05 00:13:04,980 - INFO - [OK] Backend  : 9100
2026-09-05 00:13:04,980 - INFO - [OK] Frontend : 9121
2026-09-05 00:13:04,980 - INFO - 
2026-09-05 00:13:04,981 - INFO - Starting backend...
2026-09-05 00:13:08,015 - INFO - [OK] Backend Ready
2026-09-05 00:13:08,015 - INFO - Starting frontend...
2026-09-05 00:13:09,064 - INFO - [OK] Frontend Ready
2026-09-05 00:13:09,065 - INFO - 
2026-09-05 00:13:09,065 - INFO - ========================================
2026-09-05 00:13:09,066 - INFO - SYSTEM STATUS: RUNNING
2026-09-05 00:13:09,066 - INFO - ========================================
2026-09-05 00:13:09,066 - INFO - 
2026-09-05 00:13:09,066 - INFO - Monitoring Server:
2026-09-05 00:13:09,066 - INFO - 10.119.43.25
2026-09-05 00:13:09,066 - INFO - 
2026-09-05 00:13:09,066 - INFO - Printer Networks:
2026-09-05 00:13:09,066 - INFO - 10.119.34.0/24
2026-09-05 00:13:09,066 - INFO - 10.119.43.0/24
2026-09-05 00:13:09,066 - INFO - 
2026-09-05 00:13:09,066 - INFO - Frontend:
2026-09-05 00:13:09,066 - INFO - http://10.119.43.25:9121
2026-09-05 00:13:09,066 - INFO - 
2026-09-05 00:13:09,066 - INFO - Opening browser...
2026-09-05 00:13:09,066 - INFO - ========================================
2026-09-05 00:13:09,142 - INFO - READY
2026-09-05 00:16:16,402 - INFO - STOP
2026-09-05 00:16:17,043 - INFO - Backend stopped
2026-09-05 00:16:17,635 - INFO - Frontend stopped
2026-09-05 00:16:19,636 - INFO - START
2026-09-05 00:16:19,636 - INFO - ========================================
2026-09-05 00:16:19,637 - INFO -        PRINTER MONITORING SYSTEM
2026-09-05 00:16:19,637 - INFO - ========================================
2026-09-05 00:16:19,637 - INFO - 
2026-09-05 00:16:19,637 - INFO - Checking environment...
2026-09-05 00:16:19,637 - INFO - [OK] Python
2026-09-05 00:16:19,637 - INFO - [OK] Node.js
2026-09-05 00:16:19,637 - INFO - [OK] npm
2026-09-05 00:16:19,637 - INFO - 
2026-09-05 00:16:19,637 - INFO - Selecting ports...
2026-09-05 00:16:23,737 - INFO - [OK] Backend  : 9100
2026-09-05 00:16:23,737 - INFO - [OK] Frontend : 9121
2026-09-05 00:16:23,737 - INFO - 
2026-09-05 00:16:23,738 - INFO - Starting backend...
2026-09-05 00:16:26,770 - INFO - [OK] Backend Ready
2026-09-05 00:16:26,770 - INFO - Starting frontend...
2026-09-05 00:16:27,820 - INFO - [OK] Frontend Ready
2026-09-05 00:16:27,821 - INFO - 
2026-09-05 00:16:27,821 - INFO - ========================================
2026-09-05 00:16:27,821 - INFO - SYSTEM STATUS: RUNNING
2026-09-05 00:16:27,821 - INFO - ========================================
2026-09-05 00:16:27,821 - INFO - 
2026-09-05 00:16:27,821 - INFO - Monitoring Server:
2026-09-05 00:16:27,821 - INFO - 10.119.43.25
2026-09-05 00:16:27,822 - INFO - 
2026-09-05 00:16:27,822 - INFO - Printer Networks:
2026-09-05 00:16:27,822 - INFO - 10.119.34.0/24
2026-09-05 00:16:27,822 - INFO - 10.119.43.0/24
2026-09-05 00:16:27,822 - INFO - 
2026-09-05 00:16:27,822 - INFO - Frontend:
2026-09-05 00:16:27,822 - INFO - http://10.119.43.25:9121
2026-09-05 00:16:27,822 - INFO - 
2026-09-05 00:16:27,822 - INFO - Opening browser...
2026-09-05 00:16:27,822 - INFO - ========================================
2026-09-05 00:16:27,896 - INFO - READY
2026-09-05 00:20:31,566 - INFO - STOP
2026-09-05 00:20:32,198 - INFO - Backend stopped
2026-09-05 00:20:32,800 - INFO - Frontend stopped
2026-09-05 00:20:34,801 - INFO - START
2026-09-05 00:20:34,801 - INFO - ========================================
2026-09-05 00:20:34,801 - INFO -        PRINTER MONITORING SYSTEM
2026-09-05 00:20:34,801 - INFO - ========================================
2026-09-05 00:20:34,801 - INFO - 
2026-09-05 00:20:34,801 - INFO - Checking environment...
2026-09-05 00:20:34,801 - INFO - [OK] Python
2026-09-05 00:20:34,802 - INFO - [OK] Node.js
2026-09-05 00:20:34,802 - INFO - [OK] npm
2026-09-05 00:20:34,802 - INFO - 
2026-09-05 00:20:34,802 - INFO - Selecting ports...
2026-09-05 00:20:38,896 - INFO - [OK] Backend  : 9100
2026-09-05 00:20:38,896 - INFO - [OK] Frontend : 9121
2026-09-05 00:20:38,896 - INFO - 
2026-09-05 00:20:38,897 - INFO - Starting backend...
2026-09-05 00:20:41,931 - INFO - [OK] Backend Ready
2026-09-05 00:20:41,931 - INFO - Starting frontend...
2026-09-05 00:20:42,968 - INFO - [OK] Frontend Ready
2026-09-05 00:20:42,969 - INFO - 
2026-09-05 00:20:42,969 - INFO - ========================================
2026-09-05 00:20:42,969 - INFO - SYSTEM STATUS: RUNNING
2026-09-05 00:20:42,970 - INFO - ========================================
2026-09-05 00:20:42,970 - INFO - 
2026-09-05 00:20:42,970 - INFO - Monitoring Server:
2026-09-05 00:20:42,970 - INFO - 10.119.43.25
2026-09-05 00:20:42,970 - INFO - 
2026-09-05 00:20:42,970 - INFO - Printer Networks:
2026-09-05 00:20:42,970 - INFO - 10.119.34.0/24
2026-09-05 00:20:42,970 - INFO - 10.119.43.0/24
2026-09-05 00:20:42,970 - INFO - 
2026-09-05 00:20:42,970 - INFO - Frontend:
2026-09-05 00:20:42,970 - INFO - http://10.119.43.25:9121
2026-09-05 00:20:42,970 - INFO - 
2026-09-05 00:20:42,971 - INFO - Opening browser...
2026-09-05 00:20:42,971 - INFO - ========================================
2026-09-05 00:20:43,045 - INFO - READY
2026-09-05 00:25:41,017 - INFO - STOP
2026-09-05 00:25:41,828 - INFO - Backend stopped
2026-09-05 00:25:42,566 - INFO - Frontend stopped
2026-09-05 00:25:44,568 - INFO - START
2026-09-05 00:25:44,569 - INFO - ========================================
2026-09-05 00:25:44,569 - INFO -        PRINTER MONITORING SYSTEM
2026-09-05 00:25:44,569 - INFO - ========================================
2026-09-05 00:25:44,570 - INFO - 
2026-09-05 00:25:44,570 - INFO - Checking environment...
2026-09-05 00:25:44,571 - INFO - [OK] Python
2026-09-05 00:25:44,571 - INFO - [OK] Node.js
2026-09-05 00:25:44,572 - INFO - [OK] npm
2026-09-05 00:25:44,572 - INFO - 
2026-09-05 00:25:44,572 - INFO - Selecting ports...
2026-09-05 00:25:48,653 - INFO - [OK] Backend  : 9100
2026-09-05 00:25:48,653 - INFO - [OK] Frontend : 9121
2026-09-05 00:25:48,653 - INFO - 
2026-09-05 00:25:48,654 - INFO - Starting backend...
2026-09-05 00:25:52,201 - INFO - [OK] Backend Ready
2026-09-05 00:25:52,201 - INFO - Starting frontend...
2026-09-05 00:25:53,245 - INFO - [OK] Frontend Ready
2026-09-05 00:25:53,246 - INFO - 
2026-09-05 00:25:53,247 - INFO - ========================================
2026-09-05 00:25:53,247 - INFO - SYSTEM STATUS: RUNNING
2026-09-05 00:25:53,247 - INFO - ========================================
2026-09-05 00:25:53,247 - INFO - 
2026-09-05 00:25:53,247 - INFO - Monitoring Server:
2026-09-05 00:25:53,247 - INFO - 10.119.43.25
2026-09-05 00:25:53,247 - INFO - 
2026-09-05 00:25:53,247 - INFO - Printer Networks:
2026-09-05 00:25:53,247 - INFO - 10.119.34.0/24
2026-09-05 00:25:53,247 - INFO - 10.119.43.0/24
2026-09-05 00:25:53,247 - INFO - 
2026-09-05 00:25:53,247 - INFO - Frontend:
2026-09-05 00:25:53,247 - INFO - http://10.119.43.25:9121
2026-09-05 00:25:53,248 - INFO - 
2026-09-05 00:25:53,248 - INFO - Opening browser...
2026-09-05 00:25:53,248 - INFO - ========================================
2026-09-05 00:25:53,338 - INFO - READY
2026-09-05 00:34:26,074 - INFO - STOP
2026-09-05 00:34:26,706 - INFO - Backend stopped
2026-09-05 00:34:27,331 - INFO - Frontend stopped
2026-09-05 00:34:29,332 - INFO - START
2026-09-05 00:34:29,332 - INFO - ========================================
2026-09-05 00:34:29,333 - INFO -        PRINTER MONITORING SYSTEM
2026-09-05 00:34:29,333 - INFO - ========================================
2026-09-05 00:34:29,333 - INFO - 
2026-09-05 00:34:29,333 - INFO - Checking environment...
2026-09-05 00:34:29,333 - INFO - [OK] Python
2026-09-05 00:34:29,333 - INFO - [OK] Node.js
2026-09-05 00:34:29,333 - INFO - [OK] npm
2026-09-05 00:34:29,333 - INFO - 
2026-09-05 00:34:29,333 - INFO - Selecting ports...
2026-09-05 00:34:33,419 - INFO - [OK] Backend  : 9100
2026-09-05 00:34:33,419 - INFO - [OK] Frontend : 9121
2026-09-05 00:34:33,419 - INFO - 
2026-09-05 00:34:33,420 - INFO - Starting backend...
2026-09-05 00:34:48,834 - INFO - [OK] Backend Ready
2026-09-05 00:34:48,835 - INFO - Starting frontend...
2026-09-05 00:34:49,889 - INFO - [OK] Frontend Ready
2026-09-05 00:34:49,890 - INFO - 
2026-09-05 00:34:49,891 - INFO - ========================================
2026-09-05 00:34:49,891 - INFO - SYSTEM STATUS: RUNNING
2026-09-05 00:34:49,891 - INFO - ========================================
2026-09-05 00:34:49,891 - INFO - 
2026-09-05 00:34:49,891 - INFO - Monitoring Server:
2026-09-05 00:34:49,891 - INFO - 10.119.43.25
2026-09-05 00:34:49,891 - INFO - 
2026-09-05 00:34:49,891 - INFO - Printer Networks:
2026-09-05 00:34:49,892 - INFO - 10.119.34.0/24
2026-09-05 00:34:49,892 - INFO - 10.119.43.0/24
2026-09-05 00:34:49,892 - INFO - 
2026-09-05 00:34:49,892 - INFO - Frontend:
2026-09-05 00:34:49,892 - INFO - http://10.119.43.25:9121
2026-09-05 00:34:49,892 - INFO - 
2026-09-05 00:34:49,892 - INFO - Opening browser...
2026-09-05 00:34:49,892 - INFO - ========================================
2026-09-05 00:34:50,018 - INFO - READY
2026-09-05 00:56:20,039 - INFO - STOP
2026-09-05 00:56:20,704 - INFO - Backend stopped
2026-09-05 00:56:21,306 - INFO - Frontend stopped
2026-09-05 00:56:23,307 - INFO - START
2026-09-05 00:56:23,307 - INFO - ========================================
2026-09-05 00:56:23,307 - INFO -        PRINTER MONITORING SYSTEM
2026-09-05 00:56:23,307 - INFO - ========================================
2026-09-05 00:56:23,307 - INFO - 
2026-09-05 00:56:23,307 - INFO - Checking environment...
2026-09-05 00:56:23,307 - INFO - [OK] Python
2026-09-05 00:56:23,307 - INFO - [OK] Node.js
2026-09-05 00:56:23,307 - INFO - [OK] npm
2026-09-05 00:56:23,307 - INFO - 
2026-09-05 00:56:23,307 - INFO - Selecting ports...
2026-09-05 00:56:27,393 - INFO - [OK] Backend  : 9100
2026-09-05 00:56:27,393 - INFO - [OK] Frontend : 9121
2026-09-05 00:56:27,393 - INFO - 
2026-09-05 00:56:27,394 - INFO - Starting backend...
2026-09-05 00:56:42,577 - INFO - [OK] Backend Ready
2026-09-05 00:56:42,577 - INFO - Starting frontend...
2026-09-05 00:56:43,630 - INFO - [OK] Frontend Ready
2026-09-05 00:56:43,631 - INFO - 
2026-09-05 00:56:43,631 - INFO - ========================================
2026-09-05 00:56:43,631 - INFO - SYSTEM STATUS: RUNNING
2026-09-05 00:56:43,631 - INFO - ========================================
2026-09-05 00:56:43,631 - INFO - 
2026-09-05 00:56:43,631 - INFO - Monitoring Server:
2026-09-05 00:56:43,631 - INFO - 10.119.43.25
2026-09-05 00:56:43,631 - INFO - 
2026-09-05 00:56:43,631 - INFO - Printer Networks:
2026-09-05 00:56:43,631 - INFO - 10.119.34.0/24
2026-09-05 00:56:43,632 - INFO - 10.119.43.0/24
2026-09-05 00:56:43,632 - INFO - 
2026-09-05 00:56:43,632 - INFO - Frontend:
2026-09-05 00:56:43,632 - INFO - http://10.119.43.25:9121
2026-09-05 00:56:43,632 - INFO - 
2026-09-05 00:56:43,632 - INFO - Opening browser...
2026-09-05 00:56:43,632 - INFO - ========================================
2026-09-05 00:56:43,713 - INFO - READY
2026-09-05 00:58:25,088 - INFO - STOP
2026-09-05 00:58:25,975 - INFO - Backend stopped
2026-09-05 00:58:26,691 - INFO - Frontend stopped
2026-09-05 00:58:28,692 - INFO - START
2026-09-05 00:58:28,692 - INFO - ========================================
2026-09-05 00:58:28,692 - INFO -        PRINTER MONITORING SYSTEM
2026-09-05 00:58:28,692 - INFO - ========================================
2026-09-05 00:58:28,692 - INFO - 
2026-09-05 00:58:28,692 - INFO - Checking environment...
2026-09-05 00:58:28,692 - INFO - [OK] Python
2026-09-05 00:58:28,693 - INFO - [OK] Node.js
2026-09-05 00:58:28,693 - INFO - [OK] npm
2026-09-05 00:58:28,693 - INFO - 
2026-09-05 00:58:28,693 - INFO - Selecting ports...
2026-09-05 00:58:32,774 - INFO - [OK] Backend  : 9100
2026-09-05 00:58:32,774 - INFO - [OK] Frontend : 9121
2026-09-05 00:58:32,774 - INFO - 
2026-09-05 00:58:32,775 - INFO - Starting backend...
2026-09-05 00:58:47,969 - INFO - [OK] Backend Ready
2026-09-05 00:58:47,969 - INFO - Starting frontend...
2026-09-05 00:58:49,007 - INFO - [OK] Frontend Ready
2026-09-05 00:58:49,008 - INFO - 
2026-09-05 00:58:49,008 - INFO - ========================================
2026-09-05 00:58:49,008 - INFO - SYSTEM STATUS: RUNNING
2026-09-05 00:58:49,008 - INFO - ========================================
2026-09-05 00:58:49,008 - INFO - 
2026-09-05 00:58:49,009 - INFO - Monitoring Server:
2026-09-05 00:58:49,009 - INFO - 10.119.43.25
2026-09-05 00:58:49,009 - INFO - 
2026-09-05 00:58:49,009 - INFO - Printer Networks:
2026-09-05 00:58:49,009 - INFO - 10.119.34.0/24
2026-09-05 00:58:49,009 - INFO - 10.119.43.0/24
2026-09-05 00:58:49,009 - INFO - 
2026-09-05 00:58:49,009 - INFO - Frontend:
2026-09-05 00:58:49,009 - INFO - http://10.119.43.25:9121
2026-09-05 00:58:49,009 - INFO - 
2026-09-05 00:58:49,009 - INFO - Opening browser...
2026-09-05 00:58:49,009 - INFO - ========================================
2026-09-05 00:58:49,090 - INFO - READY
2026-09-05 01:05:03,195 - INFO - STOP
2026-09-05 01:05:04,080 - INFO - Backend stopped
2026-09-05 01:05:04,975 - INFO - Frontend stopped
2026-09-05 01:05:06,976 - INFO - START
2026-09-05 01:05:06,976 - INFO - ========================================
2026-09-05 01:05:06,976 - INFO -        PRINTER MONITORING SYSTEM
2026-09-05 01:05:06,977 - INFO - ========================================
2026-09-05 01:05:06,977 - INFO - 
2026-09-05 01:05:06,977 - INFO - Checking environment...
2026-09-05 01:05:06,977 - INFO - [OK] Python
2026-09-05 01:05:06,977 - INFO - [OK] Node.js
2026-09-05 01:05:06,977 - INFO - [OK] npm
2026-09-05 01:05:06,977 - INFO - 
2026-09-05 01:05:06,978 - INFO - Selecting ports...
2026-09-05 01:05:11,065 - INFO - [OK] Backend  : 9100
2026-09-05 01:05:11,066 - INFO - [OK] Frontend : 9121
2026-09-05 01:05:11,066 - INFO - 
2026-09-05 01:05:11,067 - INFO - Starting backend...
2026-09-05 01:05:30,197 - INFO - [OK] Backend Ready
2026-09-05 01:05:30,199 - INFO - Starting frontend...
2026-09-05 01:05:31,245 - INFO - [OK] Frontend Ready
2026-09-05 01:05:31,251 - INFO - 
2026-09-05 01:05:31,253 - INFO - ========================================
2026-09-05 01:05:31,255 - INFO - SYSTEM STATUS: RUNNING
2026-09-05 01:05:31,259 - INFO - ========================================
2026-09-05 01:05:31,262 - INFO - 
2026-09-05 01:05:31,264 - INFO - Monitoring Server:
2026-09-05 01:05:31,267 - INFO - 10.119.43.25
2026-09-05 01:05:31,270 - INFO - 
2026-09-05 01:05:31,272 - INFO - Printer Networks:
2026-09-05 01:05:31,274 - INFO - 10.119.34.0/24
2026-09-05 01:05:31,275 - INFO - 10.119.43.0/24
2026-09-05 01:05:31,276 - INFO - 
2026-09-05 01:05:31,278 - INFO - Frontend:
2026-09-05 01:05:31,280 - INFO - http://10.119.43.25:9121
2026-09-05 01:05:31,283 - INFO - 
2026-09-05 01:05:31,284 - INFO - Opening browser...
2026-09-05 01:05:31,286 - INFO - ========================================
2026-09-05 01:05:31,519 - INFO - READY
2026-09-05 01:15:10,177 - INFO - STOP
2026-09-05 01:15:10,902 - INFO - Backend stopped
2026-09-05 01:15:11,612 - INFO - Frontend stopped
2026-09-05 01:15:13,613 - INFO - START
2026-09-05 01:15:13,614 - INFO - ========================================
2026-09-05 01:15:13,614 - INFO -        PRINTER MONITORING SYSTEM
2026-09-05 01:15:13,614 - INFO - ========================================
2026-09-05 01:15:13,614 - INFO - 
2026-09-05 01:15:13,614 - INFO - Checking environment...
2026-09-05 01:15:13,614 - INFO - [OK] Python
2026-09-05 01:15:13,614 - INFO - [OK] Node.js
2026-09-05 01:15:13,614 - INFO - [OK] npm
2026-09-05 01:15:13,615 - INFO - 
2026-09-05 01:15:13,615 - INFO - Selecting ports...
2026-09-05 01:15:17,707 - INFO - [OK] Backend  : 9100
2026-09-05 01:15:17,708 - INFO - [OK] Frontend : 9121
2026-09-05 01:15:17,708 - INFO - 
2026-09-05 01:15:17,709 - INFO - Starting backend...
2026-09-05 01:15:47,789 - ERROR - [FAIL] Backend failed to start.
2026-09-05 01:15:47,996 - INFO - READY
2026-09-05 01:18:01,482 - INFO - STOP
2026-09-05 01:18:01,482 - INFO - Backend is not running
2026-09-05 01:18:01,482 - INFO - Frontend is not running
2026-09-05 01:18:03,483 - INFO - START
2026-09-05 01:18:03,483 - INFO - ========================================
2026-09-05 01:18:03,483 - INFO -        PRINTER MONITORING SYSTEM
2026-09-05 01:18:03,483 - INFO - ========================================
2026-09-05 01:18:03,483 - INFO - 
2026-09-05 01:18:03,483 - INFO - Checking environment...
2026-09-05 01:18:03,484 - INFO - [OK] Python
2026-09-05 01:18:03,484 - INFO - [OK] Node.js
2026-09-05 01:18:03,484 - INFO - [OK] npm
2026-09-05 01:18:03,484 - INFO - 
2026-09-05 01:18:03,484 - INFO - Selecting ports...
2026-09-05 01:18:07,578 - INFO - [OK] Backend  : 9100
2026-09-05 01:18:07,578 - INFO - [OK] Frontend : 9121
2026-09-05 01:18:07,578 - INFO - 
2026-09-05 01:18:07,579 - INFO - Starting backend...
2026-09-05 01:18:37,690 - ERROR - [FAIL] Backend failed to start.
2026-09-05 01:18:37,873 - INFO - READY
2026-09-05 01:20:28,327 - INFO - STOP
2026-09-05 01:20:28,327 - INFO - Backend is not running
2026-09-05 01:20:28,327 - INFO - Frontend is not running
2026-09-05 01:20:30,328 - INFO - START
2026-09-05 01:20:30,328 - INFO - ========================================
2026-09-05 01:20:30,328 - INFO -        PRINTER MONITORING SYSTEM
2026-09-05 01:20:30,328 - INFO - ========================================
2026-09-05 01:20:30,328 - INFO - 
2026-09-05 01:20:30,328 - INFO - Checking environment...
2026-09-05 01:20:30,328 - INFO - [OK] Python
2026-09-05 01:20:30,328 - INFO - [OK] Node.js
2026-09-05 01:20:30,328 - INFO - [OK] npm
2026-09-05 01:20:30,328 - INFO - 
2026-09-05 01:20:30,328 - INFO - Selecting ports...
2026-09-05 01:20:34,416 - INFO - [OK] Backend  : 9100
2026-09-05 01:20:34,416 - INFO - [OK] Frontend : 9121
2026-09-05 01:20:34,416 - INFO - 
2026-09-05 01:20:34,417 - INFO - Starting backend...
2026-09-05 01:20:49,566 - INFO - [OK] Backend Ready
2026-09-05 01:20:49,566 - INFO - Starting frontend...
2026-09-05 01:20:50,620 - INFO - [OK] Frontend Ready
2026-09-05 01:20:50,621 - INFO - 
2026-09-05 01:20:50,621 - INFO - ========================================
2026-09-05 01:20:50,621 - INFO - SYSTEM STATUS: RUNNING
2026-09-05 01:20:50,621 - INFO - ========================================
2026-09-05 01:20:50,621 - INFO - 
2026-09-05 01:20:50,622 - INFO - Monitoring Server:
2026-09-05 01:20:50,622 - INFO - 10.119.43.25
2026-09-05 01:20:50,622 - INFO - 
2026-09-05 01:20:50,622 - INFO - Printer Networks:
2026-09-05 01:20:50,622 - INFO - 10.119.34.0/24
2026-09-05 01:20:50,622 - INFO - 10.119.43.0/24
2026-09-05 01:20:50,622 - INFO - 
2026-09-05 01:20:50,622 - INFO - Frontend:
2026-09-05 01:20:50,622 - INFO - http://10.119.43.25:9121
2026-09-05 01:20:50,623 - INFO - 
2026-09-05 01:20:50,623 - INFO - Opening browser...
2026-09-05 01:20:50,623 - INFO - ========================================
2026-09-05 01:20:50,700 - INFO - READY
2026-09-05 01:30:36,673 - INFO - STOP
2026-09-05 01:30:37,524 - INFO - Backend stopped
2026-09-05 01:30:38,341 - INFO - Frontend stopped
2026-09-05 01:30:40,342 - INFO - START
2026-09-05 01:30:40,342 - INFO - ========================================
2026-09-05 01:30:40,342 - INFO -        PRINTER MONITORING SYSTEM
2026-09-05 01:30:40,342 - INFO - ========================================
2026-09-05 01:30:40,342 - INFO - 
2026-09-05 01:30:40,342 - INFO - Checking environment...
2026-09-05 01:30:40,342 - INFO - [OK] Python
2026-09-05 01:30:40,342 - INFO - [OK] Node.js
2026-09-05 01:30:40,342 - INFO - [OK] npm
2026-09-05 01:30:40,343 - INFO - 
2026-09-05 01:30:40,343 - INFO - Selecting ports...
2026-09-05 01:30:44,444 - INFO - [OK] Backend  : 9100
2026-09-05 01:30:44,444 - INFO - [OK] Frontend : 9121
2026-09-05 01:30:44,444 - INFO - 
2026-09-05 01:30:44,445 - INFO - Starting backend...
2026-09-05 01:30:59,790 - INFO - [OK] Backend Ready
2026-09-05 01:30:59,790 - INFO - Starting frontend...
2026-09-05 01:31:00,831 - INFO - [OK] Frontend Ready
2026-09-05 01:31:00,832 - INFO - 
2026-09-05 01:31:00,832 - INFO - ========================================
2026-09-05 01:31:00,832 - INFO - SYSTEM STATUS: RUNNING
2026-09-05 01:31:00,832 - INFO - ========================================
2026-09-05 01:31:00,832 - INFO - 
2026-09-05 01:31:00,832 - INFO - Monitoring Server:
2026-09-05 01:31:00,832 - INFO - 10.119.43.25
2026-09-05 01:31:00,832 - INFO - 
2026-09-05 01:31:00,832 - INFO - Printer Networks:
2026-09-05 01:31:00,832 - INFO - 10.119.34.0/24
2026-09-05 01:31:00,832 - INFO - 10.119.43.0/24
2026-09-05 01:31:00,833 - INFO - 
2026-09-05 01:31:00,833 - INFO - Frontend:
2026-09-05 01:31:00,833 - INFO - http://10.119.43.25:9121
2026-09-05 01:31:00,833 - INFO - 
2026-09-05 01:31:00,833 - INFO - Opening browser...
2026-09-05 01:31:00,833 - INFO - ========================================
2026-09-05 01:31:00,916 - INFO - READY
2026-09-05 01:54:51,743 - INFO - STOP
2026-09-05 01:54:52,370 - INFO - Backend stopped
2026-09-05 01:54:53,011 - INFO - Frontend stopped
2026-09-05 01:54:55,011 - INFO - START
2026-09-05 01:54:55,011 - INFO - ========================================
2026-09-05 01:54:55,012 - INFO -        PRINTER MONITORING SYSTEM
2026-09-05 01:54:55,012 - INFO - ========================================
2026-09-05 01:54:55,012 - INFO - 
2026-09-05 01:54:55,012 - INFO - Checking environment...
2026-09-05 01:54:55,012 - INFO - [OK] Python
2026-09-05 01:54:55,012 - INFO - [OK] Node.js
2026-09-05 01:54:55,012 - INFO - [OK] npm
2026-09-05 01:54:55,012 - INFO - 
2026-09-05 01:54:55,012 - INFO - Selecting ports...
2026-09-05 01:54:59,102 - INFO - [OK] Backend  : 9100
2026-09-05 01:54:59,102 - INFO - [OK] Frontend : 9121
2026-09-05 01:54:59,102 - INFO - 
2026-09-05 01:54:59,103 - INFO - Starting backend...
2026-09-05 01:55:14,744 - INFO - [OK] Backend Ready
2026-09-05 01:55:14,744 - INFO - Starting frontend...
2026-09-05 01:55:15,785 - INFO - [OK] Frontend Ready
2026-09-05 01:55:15,786 - INFO - 
2026-09-05 01:55:15,786 - INFO - ========================================
2026-09-05 01:55:15,786 - INFO - SYSTEM STATUS: RUNNING
2026-09-05 01:55:15,786 - INFO - ========================================
2026-09-05 01:55:15,786 - INFO - 
2026-09-05 01:55:15,787 - INFO - Monitoring Server:
2026-09-05 01:55:15,787 - INFO - 10.119.43.25
2026-09-05 01:55:15,787 - INFO - 
2026-09-05 01:55:15,787 - INFO - Printer Networks:
2026-09-05 01:55:15,787 - INFO - 10.119.34.0/24
2026-09-05 01:55:15,787 - INFO - 10.119.43.0/24
2026-09-05 01:55:15,787 - INFO - 
2026-09-05 01:55:15,787 - INFO - Frontend:
2026-09-05 01:55:15,787 - INFO - http://10.119.43.25:9121
2026-09-05 01:55:15,787 - INFO - 
2026-09-05 01:55:15,787 - INFO - Opening browser...
2026-09-05 01:55:15,787 - INFO - ========================================
2026-09-05 01:55:15,863 - INFO - READY
2026-09-05 01:57:04,171 - INFO - STOP
2026-09-05 01:57:04,897 - INFO - Backend stopped
2026-09-05 01:57:05,545 - INFO - Frontend stopped
2026-09-05 01:57:07,546 - INFO - START
2026-09-05 01:57:07,546 - INFO - ========================================
2026-09-05 01:57:07,547 - INFO -        PRINTER MONITORING SYSTEM
2026-09-05 01:57:07,547 - INFO - ========================================
2026-09-05 01:57:07,547 - INFO - 
2026-09-05 01:57:07,547 - INFO - Checking environment...
2026-09-05 01:57:07,547 - INFO - [OK] Python
2026-09-05 01:57:07,547 - INFO - [OK] Node.js
2026-09-05 01:57:07,547 - INFO - [OK] npm
2026-09-05 01:57:07,547 - INFO - 
2026-09-05 01:57:07,547 - INFO - Selecting ports...
2026-09-05 01:57:11,638 - INFO - [OK] Backend  : 9100
2026-09-05 01:57:11,638 - INFO - [OK] Frontend : 9121
2026-09-05 01:57:11,638 - INFO - 
2026-09-05 01:57:11,639 - INFO - Starting backend...
2026-09-05 01:57:27,258 - INFO - [OK] Backend Ready
2026-09-05 01:57:27,258 - INFO - Starting frontend...
2026-09-05 01:57:28,294 - INFO - [OK] Frontend Ready
2026-09-05 01:57:28,295 - INFO - 
2026-09-05 01:57:28,295 - INFO - ========================================
2026-09-05 01:57:28,295 - INFO - SYSTEM STATUS: RUNNING
2026-09-05 01:57:28,296 - INFO - ========================================
2026-09-05 01:57:28,296 - INFO - 
2026-09-05 01:57:28,296 - INFO - Monitoring Server:
2026-09-05 01:57:28,296 - INFO - 10.119.43.25
2026-09-05 01:57:28,296 - INFO - 
2026-09-05 01:57:28,296 - INFO - Printer Networks:
2026-09-05 01:57:28,296 - INFO - 10.119.34.0/24
2026-09-05 01:57:28,296 - INFO - 10.119.43.0/24
2026-09-05 01:57:28,296 - INFO - 
2026-09-05 01:57:28,297 - INFO - Frontend:
2026-09-05 01:57:28,297 - INFO - http://10.119.43.25:9121
2026-09-05 01:57:28,297 - INFO - 
2026-09-05 01:57:28,297 - INFO - Opening browser...
2026-09-05 01:57:28,297 - INFO - ========================================
2026-09-05 01:57:28,384 - INFO - READY
2026-09-05 01:59:28,891 - INFO - Backend stopped
2026-09-05 01:59:29,524 - INFO - Frontend stopped
2026-09-05 02:00:55,018 - INFO - STOP
2026-09-05 02:00:55,018 - INFO - Backend is not running
2026-09-05 02:00:55,018 - INFO - Frontend is not running
2026-09-05 02:00:57,019 - INFO - START
2026-09-05 02:00:57,019 - INFO - ========================================
2026-09-05 02:00:57,019 - INFO -        PRINTER MONITORING SYSTEM
2026-09-05 02:00:57,019 - INFO - ========================================
2026-09-05 02:00:57,019 - INFO - 
2026-09-05 02:00:57,019 - INFO - Checking environment...
2026-09-05 02:00:57,019 - INFO - [OK] Python
2026-09-05 02:00:57,019 - INFO - [OK] Node.js
2026-09-05 02:00:57,019 - INFO - [OK] npm
2026-09-05 02:00:57,019 - INFO - 
2026-09-05 02:00:57,019 - INFO - Selecting ports...
2026-09-05 02:01:01,102 - INFO - [OK] Backend  : 9100
2026-09-05 02:01:01,102 - INFO - [OK] Frontend : 9121
2026-09-05 02:01:01,102 - INFO - 
2026-09-05 02:01:01,103 - INFO - Starting backend...
2026-09-05 02:01:16,272 - INFO - [OK] Backend Ready
2026-09-05 02:01:16,273 - INFO - Starting frontend...
2026-09-05 02:01:17,322 - INFO - [OK] Frontend Ready
2026-09-05 02:01:17,323 - INFO - 
2026-09-05 02:01:17,323 - INFO - ========================================
2026-09-05 02:01:17,324 - INFO - SYSTEM STATUS: RUNNING
2026-09-05 02:01:17,324 - INFO - ========================================
2026-09-05 02:01:17,324 - INFO - 
2026-09-05 02:01:17,324 - INFO - Monitoring Server:
2026-09-05 02:01:17,324 - INFO - 10.119.43.25
2026-09-05 02:01:17,324 - INFO - 
2026-09-05 02:01:17,324 - INFO - Printer Networks:
2026-09-05 02:01:17,324 - INFO - 10.119.34.0/24
2026-09-05 02:01:17,324 - INFO - 10.119.43.0/24
2026-09-05 02:01:17,324 - INFO - 
2026-09-05 02:01:17,324 - INFO - Frontend:
2026-09-05 02:01:17,324 - INFO - http://10.119.43.25:9121
2026-09-05 02:01:17,324 - INFO - 
2026-09-05 02:01:17,324 - INFO - Opening browser...
2026-09-05 02:01:17,324 - INFO - ========================================
2026-09-05 02:01:17,406 - INFO - READY
2026-09-05 02:06:34,878 - INFO - STOP
2026-09-05 02:06:35,555 - INFO - Backend stopped
2026-09-05 02:06:36,286 - INFO - Frontend stopped
2026-09-05 02:06:38,287 - INFO - START
2026-09-05 02:06:38,287 - INFO - ========================================
2026-09-05 02:06:38,287 - INFO -        PRINTER MONITORING SYSTEM
2026-09-05 02:06:38,287 - INFO - ========================================
2026-09-05 02:06:38,287 - INFO - 
2026-09-05 02:06:38,287 - INFO - Checking environment...
2026-09-05 02:06:38,288 - INFO - [OK] Python
2026-09-05 02:06:38,288 - INFO - [OK] Node.js
2026-09-05 02:06:38,288 - INFO - [OK] npm
2026-09-05 02:06:38,288 - INFO - 
2026-09-05 02:06:38,288 - INFO - Selecting ports...
2026-09-05 02:06:42,380 - INFO - [OK] Backend  : 9100
2026-09-05 02:06:42,380 - INFO - [OK] Frontend : 9121
2026-09-05 02:06:42,380 - INFO - 
2026-09-05 02:06:42,381 - INFO - Starting backend...
2026-09-05 02:06:58,498 - INFO - [OK] Backend Ready
2026-09-05 02:06:58,498 - INFO - Starting frontend...
2026-09-05 02:06:59,546 - INFO - [OK] Frontend Ready
2026-09-05 02:06:59,547 - INFO - 
2026-09-05 02:06:59,548 - INFO - ========================================
2026-09-05 02:06:59,548 - INFO - SYSTEM STATUS: RUNNING
2026-09-05 02:06:59,548 - INFO - ========================================
2026-09-05 02:06:59,548 - INFO - 
2026-09-05 02:06:59,548 - INFO - Monitoring Server:
2026-09-05 02:06:59,548 - INFO - 10.119.43.25
2026-09-05 02:06:59,548 - INFO - 
2026-09-05 02:06:59,548 - INFO - Printer Networks:
2026-09-05 02:06:59,548 - INFO - 10.119.34.0/24
2026-09-05 02:06:59,548 - INFO - 10.119.43.0/24
2026-09-05 02:06:59,548 - INFO - 
2026-09-05 02:06:59,548 - INFO - Frontend:
2026-09-05 02:06:59,548 - INFO - http://10.119.43.25:9121
2026-09-05 02:06:59,549 - INFO - 
2026-09-05 02:06:59,549 - INFO - Opening browser...
2026-09-05 02:06:59,549 - INFO - ========================================
2026-09-05 02:06:59,629 - INFO - READY
2026-09-05 02:19:11,622 - INFO - STOP
2026-09-05 02:19:12,333 - INFO - Backend stopped
2026-09-05 02:19:13,001 - INFO - Frontend stopped
2026-09-05 02:19:15,002 - INFO - START
2026-09-05 02:19:15,002 - INFO - ========================================
2026-09-05 02:19:15,002 - INFO -        PRINTER MONITORING SYSTEM
2026-09-05 02:19:15,002 - INFO - ========================================
2026-09-05 02:19:15,002 - INFO - 
2026-09-05 02:19:15,002 - INFO - Checking environment...
2026-09-05 02:19:15,002 - INFO - [OK] Python
2026-09-05 02:19:15,002 - INFO - [OK] Node.js
2026-09-05 02:19:15,002 - INFO - [OK] npm
2026-09-05 02:19:15,002 - INFO - 
2026-09-05 02:19:15,002 - INFO - Selecting ports...
2026-09-05 02:19:19,083 - INFO - [OK] Backend  : 9100
2026-09-05 02:19:19,083 - INFO - [OK] Frontend : 9121
2026-09-05 02:19:19,083 - INFO - 
2026-09-05 02:19:19,084 - INFO - Starting backend...
2026-09-05 02:19:34,748 - INFO - [OK] Backend Ready
2026-09-05 02:19:34,748 - INFO - Starting frontend...
2026-09-05 02:19:35,795 - INFO - [OK] Frontend Ready
2026-09-05 02:19:35,796 - INFO - 
2026-09-05 02:19:35,796 - INFO - ========================================
2026-09-05 02:19:35,797 - INFO - SYSTEM STATUS: RUNNING
2026-09-05 02:19:35,797 - INFO - ========================================
2026-09-05 02:19:35,797 - INFO - 
2026-09-05 02:19:35,797 - INFO - Monitoring Server:
2026-09-05 02:19:35,797 - INFO - 10.119.43.25
2026-09-05 02:19:35,797 - INFO - 
2026-09-05 02:19:35,797 - INFO - Printer Networks:
2026-09-05 02:19:35,797 - INFO - 10.119.34.0/24
2026-09-05 02:19:35,797 - INFO - 10.119.43.0/24
2026-09-05 02:19:35,797 - INFO - 
2026-09-05 02:19:35,797 - INFO - Frontend:
2026-09-05 02:19:35,797 - INFO - http://10.119.43.25:9121
2026-09-05 02:19:35,797 - INFO - 
2026-09-05 02:19:35,797 - INFO - Opening browser...
2026-09-05 02:19:35,797 - INFO - ========================================
2026-09-05 02:19:35,873 - INFO - READY
2026-09-05 02:27:44,443 - INFO - STOP
2026-09-05 02:27:45,122 - INFO - Backend stopped
2026-09-05 02:27:45,741 - INFO - Frontend stopped
2026-09-05 02:27:47,742 - INFO - START
2026-09-05 02:27:47,742 - INFO - ========================================
2026-09-05 02:27:47,742 - INFO -        PRINTER MONITORING SYSTEM
2026-09-05 02:27:47,743 - INFO - ========================================
2026-09-05 02:27:47,743 - INFO - 
2026-09-05 02:27:47,743 - INFO - Checking environment...
2026-09-05 02:27:47,743 - INFO - [OK] Python
2026-09-05 02:27:47,743 - INFO - [OK] Node.js
2026-09-05 02:27:47,743 - INFO - [OK] npm
2026-09-05 02:27:47,743 - INFO - 
2026-09-05 02:27:47,743 - INFO - Selecting ports...
2026-09-05 02:27:51,821 - INFO - [OK] Backend  : 9100
2026-09-05 02:27:51,821 - INFO - [OK] Frontend : 9121
2026-09-05 02:27:51,821 - INFO - 
2026-09-05 02:27:51,822 - INFO - Starting backend...
2026-09-05 02:28:10,555 - INFO - [OK] Backend Ready
2026-09-05 02:28:10,555 - INFO - Starting frontend...
2026-09-05 02:28:11,594 - INFO - [OK] Frontend Ready
2026-09-05 02:28:11,595 - INFO - 
2026-09-05 02:28:11,595 - INFO - ========================================
2026-09-05 02:28:11,596 - INFO - SYSTEM STATUS: RUNNING
2026-09-05 02:28:11,596 - INFO - ========================================
2026-09-05 02:28:11,596 - INFO - 
2026-09-05 02:28:11,596 - INFO - Monitoring Server:
2026-09-05 02:28:11,596 - INFO - 10.119.43.25
2026-09-05 02:28:11,596 - INFO - 
2026-09-05 02:28:11,596 - INFO - Printer Networks:
2026-09-05 02:28:11,596 - INFO - 10.119.34.0/24
2026-09-05 02:28:11,596 - INFO - 10.119.43.0/24
2026-09-05 02:28:11,597 - INFO - 
2026-09-05 02:28:11,597 - INFO - Frontend:
2026-09-05 02:28:11,597 - INFO - http://10.119.43.25:9121
2026-09-05 02:28:11,597 - INFO - 
2026-09-05 02:28:11,597 - INFO - Opening browser...
2026-09-05 02:28:11,597 - INFO - ========================================
2026-09-05 02:28:11,737 - INFO - READY
2026-09-05 02:30:24,817 - INFO - Backend stopped
2026-09-05 02:30:25,387 - INFO - Frontend stopped
2026-09-05 07:56:48,957 - INFO - STOP
2026-09-05 07:56:48,957 - INFO - Backend is not running
2026-09-05 07:56:48,957 - INFO - Frontend is not running
2026-09-05 07:56:50,958 - INFO - START
2026-09-05 07:56:50,958 - INFO - ========================================
2026-09-05 07:56:50,958 - INFO -        PRINTER MONITORING SYSTEM
2026-09-05 07:56:50,958 - INFO - ========================================
2026-09-05 07:56:50,958 - INFO - 
2026-09-05 07:56:50,958 - INFO - Checking environment...
2026-09-05 07:56:50,958 - INFO - [OK] Python
2026-09-05 07:56:50,958 - INFO - [OK] Node.js
2026-09-05 07:56:50,958 - INFO - [OK] npm
2026-09-05 07:56:50,958 - INFO - 
2026-09-05 07:56:50,958 - INFO - Selecting ports...
2026-09-05 07:56:55,046 - INFO - [OK] Backend  : 9100
2026-09-05 07:56:55,047 - INFO - [OK] Frontend : 9121
2026-09-05 07:56:55,048 - INFO - 
2026-09-05 07:56:55,051 - INFO - Starting backend...
2026-09-05 07:57:11,397 - INFO - [OK] Backend Ready
2026-09-05 07:57:11,397 - INFO - Starting frontend...
2026-09-05 07:57:12,581 - INFO - [OK] Frontend Ready
2026-09-05 07:57:12,582 - INFO - 
2026-09-05 07:57:12,582 - INFO - ========================================
2026-09-05 07:57:12,582 - INFO - SYSTEM STATUS: RUNNING
2026-09-05 07:57:12,582 - INFO - ========================================
2026-09-05 07:57:12,582 - INFO - 
2026-09-05 07:57:12,582 - INFO - Monitoring Server:
2026-09-05 07:57:12,583 - INFO - 10.119.43.25
2026-09-05 07:57:12,583 - INFO - 
2026-09-05 07:57:12,583 - INFO - Printer Networks:
2026-09-05 07:57:12,583 - INFO - 10.119.34.0/24
2026-09-05 07:57:12,583 - INFO - 10.119.43.0/24
2026-09-05 07:57:12,583 - INFO - 
2026-09-05 07:57:12,583 - INFO - Frontend:
2026-09-05 07:57:12,583 - INFO - http://10.119.43.25:9121
2026-09-05 07:57:12,583 - INFO - 
2026-09-05 07:57:12,583 - INFO - Opening browser...
2026-09-05 07:57:12,583 - INFO - ========================================
2026-09-05 07:57:12,646 - INFO - READY
2026-09-05 08:29:11,126 - INFO - STOP
2026-09-05 08:29:11,742 - INFO - Backend stopped
2026-09-05 08:29:12,321 - INFO - Frontend stopped
2026-09-05 08:29:14,322 - INFO - START
2026-09-05 08:29:14,322 - INFO - ========================================
2026-09-05 08:29:14,322 - INFO -        PRINTER MONITORING SYSTEM
2026-09-05 08:29:14,322 - INFO - ========================================
2026-09-05 08:29:14,323 - INFO - 
2026-09-05 08:29:14,323 - INFO - Checking environment...
2026-09-05 08:29:14,323 - INFO - [OK] Python
2026-09-05 08:29:14,323 - INFO - [OK] Node.js
2026-09-05 08:29:14,323 - INFO - [OK] npm
2026-09-05 08:29:14,323 - INFO - 
2026-09-05 08:29:14,323 - INFO - Selecting ports...
2026-09-05 08:29:18,427 - INFO - [OK] Backend  : 9100
2026-09-05 08:29:18,427 - INFO - [OK] Frontend : 9121
2026-09-05 08:29:18,427 - INFO - 
2026-09-05 08:29:18,428 - INFO - Starting backend...
2026-09-05 08:29:34,790 - INFO - [OK] Backend Ready
2026-09-05 08:29:34,790 - INFO - Starting frontend...
2026-09-05 08:29:35,836 - INFO - [OK] Frontend Ready
2026-09-05 08:29:35,838 - INFO - 
2026-09-05 08:29:35,838 - INFO - ========================================
2026-09-05 08:29:35,838 - INFO - SYSTEM STATUS: RUNNING
2026-09-05 08:29:35,838 - INFO - ========================================
2026-09-05 08:29:35,838 - INFO - 
2026-09-05 08:29:35,838 - INFO - Monitoring Server:
2026-09-05 08:29:35,838 - INFO - 10.119.43.25
2026-09-05 08:29:35,838 - INFO - 
2026-09-05 08:29:35,838 - INFO - Printer Networks:
2026-09-05 08:29:35,838 - INFO - 10.119.34.0/24
2026-09-05 08:29:35,839 - INFO - 10.119.43.0/24
2026-09-05 08:29:35,839 - INFO - 
2026-09-05 08:29:35,839 - INFO - Frontend:
2026-09-05 08:29:35,839 - INFO - http://10.119.43.25:9121
2026-09-05 08:29:35,839 - INFO - 
2026-09-05 08:29:35,839 - INFO - Opening browser...
2026-09-05 08:29:35,839 - INFO - ========================================
2026-09-05 08:29:35,910 - INFO - READY
2026-09-05 08:51:09,346 - INFO - STOP
2026-09-05 08:51:09,798 - INFO - Backend stopped
2026-09-05 08:51:10,222 - INFO - Frontend stopped
2026-09-05 08:51:12,223 - INFO - START
2026-09-05 08:51:12,223 - INFO - ========================================
2026-09-05 08:51:12,223 - INFO -        PRINTER MONITORING SYSTEM
2026-09-05 08:51:12,223 - INFO - ========================================
2026-09-05 08:51:12,223 - INFO - 
2026-09-05 08:51:12,224 - INFO - Checking environment...
2026-09-05 08:51:12,224 - INFO - [OK] Python
2026-09-05 08:51:12,224 - INFO - [OK] Node.js
2026-09-05 08:51:12,224 - INFO - [OK] npm
2026-09-05 08:51:12,224 - INFO - 
2026-09-05 08:51:12,224 - INFO - Selecting ports...
2026-09-05 08:51:16,313 - INFO - [OK] Backend  : 9100
2026-09-05 08:51:16,313 - INFO - [OK] Frontend : 9121
2026-09-05 08:51:16,314 - INFO - 
2026-09-05 08:51:16,315 - INFO - Starting backend...
2026-09-05 08:51:31,515 - INFO - [OK] Backend Ready
2026-09-05 08:51:31,516 - INFO - Starting frontend...
2026-09-05 08:51:32,555 - INFO - [OK] Frontend Ready
2026-09-05 08:51:32,557 - INFO - 
2026-09-05 08:51:32,557 - INFO - ========================================
2026-09-05 08:51:32,557 - INFO - SYSTEM STATUS: RUNNING
2026-09-05 08:51:32,557 - INFO - ========================================
2026-09-05 08:51:32,557 - INFO - 
2026-09-05 08:51:32,557 - INFO - Monitoring Server:
2026-09-05 08:51:32,557 - INFO - 10.119.43.25
2026-09-05 08:51:32,557 - INFO - 
2026-09-05 08:51:32,557 - INFO - Printer Networks:
2026-09-05 08:51:32,557 - INFO - 10.119.34.0/24
2026-09-05 08:51:32,557 - INFO - 10.119.43.0/24
2026-09-05 08:51:32,557 - INFO - 
2026-09-05 08:51:32,557 - INFO - Frontend:
2026-09-05 08:51:32,557 - INFO - http://10.119.43.25:9121
2026-09-05 08:51:32,557 - INFO - 
2026-09-05 08:51:32,558 - INFO - Opening browser...
2026-09-05 08:51:32,558 - INFO - ========================================
2026-09-05 08:51:32,622 - INFO - READY
2026-09-05 08:58:53,597 - INFO - STOP
2026-09-05 08:58:54,092 - INFO - Backend stopped
2026-09-05 08:58:54,524 - INFO - Frontend stopped
2026-09-05 08:58:56,525 - INFO - START
2026-09-05 08:58:56,525 - INFO - ========================================
2026-09-05 08:58:56,525 - INFO -        PRINTER MONITORING SYSTEM
2026-09-05 08:58:56,525 - INFO - ========================================
2026-09-05 08:58:56,525 - INFO - 
2026-09-05 08:58:56,525 - INFO - Checking environment...
2026-09-05 08:58:56,525 - INFO - [OK] Python
2026-09-05 08:58:56,525 - INFO - [OK] Node.js
2026-09-05 08:58:56,525 - INFO - [OK] npm
2026-09-05 08:58:56,525 - INFO - 
2026-09-05 08:58:56,525 - INFO - Selecting ports...
2026-09-05 08:59:00,614 - INFO - [OK] Backend  : 9100
2026-09-05 08:59:00,614 - INFO - [OK] Frontend : 9121
2026-09-05 08:59:00,614 - INFO - 
2026-09-05 08:59:00,615 - INFO - Starting backend...
2026-09-05 08:59:14,633 - INFO - [OK] Backend Ready
2026-09-05 08:59:14,633 - INFO - Starting frontend...
2026-09-05 08:59:15,674 - INFO - [OK] Frontend Ready
2026-09-05 08:59:15,675 - INFO - 
2026-09-05 08:59:15,675 - INFO - ========================================
2026-09-05 08:59:15,675 - INFO - SYSTEM STATUS: RUNNING
2026-09-05 08:59:15,675 - INFO - ========================================
2026-09-05 08:59:15,676 - INFO - 
2026-09-05 08:59:15,676 - INFO - Monitoring Server:
2026-09-05 08:59:15,676 - INFO - 10.119.43.25
2026-09-05 08:59:15,676 - INFO - 
2026-09-05 08:59:15,676 - INFO - Printer Networks:
2026-09-05 08:59:15,676 - INFO - 10.119.34.0/24
2026-09-05 08:59:15,676 - INFO - 10.119.43.0/24
2026-09-05 08:59:15,676 - INFO - 
2026-09-05 08:59:15,676 - INFO - Frontend:
2026-09-05 08:59:15,676 - INFO - http://10.119.43.25:9121
2026-09-05 08:59:15,676 - INFO - 
2026-09-05 08:59:15,676 - INFO - Opening browser...
2026-09-05 08:59:15,676 - INFO - ========================================
2026-09-05 08:59:15,737 - INFO - READY
2026-09-05 09:06:12,622 - INFO - STOP
2026-09-05 09:06:13,101 - INFO - Backend stopped
2026-09-05 09:06:13,531 - INFO - Frontend stopped
2026-09-05 09:06:15,531 - INFO - START
2026-09-05 09:06:15,532 - INFO - ========================================
2026-09-05 09:06:15,532 - INFO -        PRINTER MONITORING SYSTEM
2026-09-05 09:06:15,532 - INFO - ========================================
2026-09-05 09:06:15,532 - INFO - 
2026-09-05 09:06:15,532 - INFO - Checking environment...
2026-09-05 09:06:15,532 - INFO - [OK] Python
2026-09-05 09:06:15,532 - INFO - [OK] Node.js
2026-09-05 09:06:15,532 - INFO - [OK] npm
2026-09-05 09:06:15,532 - INFO - 
2026-09-05 09:06:15,532 - INFO - Selecting ports...
2026-09-05 09:06:19,630 - INFO - [OK] Backend  : 9100
2026-09-05 09:06:19,630 - INFO - [OK] Frontend : 9121
2026-09-05 09:06:19,630 - INFO - 
2026-09-05 09:06:19,631 - INFO - Starting backend...
2026-09-05 09:06:49,745 - ERROR - [FAIL] Backend failed to start.
2026-09-05 09:06:49,892 - INFO - READY
2026-09-05 09:12:01,140 - INFO - STOP
2026-09-05 09:12:01,141 - INFO - Backend is not running
2026-09-05 09:12:01,141 - INFO - Frontend is not running
2026-09-05 09:12:03,141 - INFO - START
2026-09-05 09:12:03,141 - INFO - ========================================
2026-09-05 09:12:03,141 - INFO -        PRINTER MONITORING SYSTEM
2026-09-05 09:12:03,142 - INFO - ========================================
2026-09-05 09:12:03,142 - INFO - 
2026-09-05 09:12:03,142 - INFO - Checking environment...
2026-09-05 09:12:03,142 - INFO - [OK] Python
2026-09-05 09:12:03,142 - INFO - [OK] Node.js
2026-09-05 09:12:03,142 - INFO - [OK] npm
2026-09-05 09:12:03,142 - INFO - 
2026-09-05 09:12:03,142 - INFO - Selecting ports...
2026-09-05 09:12:07,230 - INFO - [OK] Backend  : 9100
2026-09-05 09:12:07,230 - INFO - [OK] Frontend : 9121
2026-09-05 09:12:07,230 - INFO - 
2026-09-05 09:12:07,232 - INFO - Starting backend...
2026-09-05 09:12:37,365 - ERROR - [FAIL] Backend failed to start.
2026-09-05 09:12:37,507 - INFO - READY
2026-09-05 09:15:05,845 - INFO - STOP
2026-09-05 09:15:05,845 - INFO - Backend is not running
2026-09-05 09:15:05,845 - INFO - Frontend is not running
2026-09-05 09:15:07,846 - INFO - START
2026-09-05 09:15:07,846 - INFO - ========================================
2026-09-05 09:15:07,846 - INFO -        PRINTER MONITORING SYSTEM
2026-09-05 09:15:07,846 - INFO - ========================================
2026-09-05 09:15:07,846 - INFO - 
2026-09-05 09:15:07,846 - INFO - Checking environment...
2026-09-05 09:15:07,847 - INFO - [OK] Python
2026-09-05 09:15:07,847 - INFO - [OK] Node.js
2026-09-05 09:15:07,847 - INFO - [OK] npm
2026-09-05 09:15:07,847 - INFO - 
2026-09-05 09:15:07,847 - INFO - Selecting ports...
2026-09-05 09:15:11,937 - INFO - [OK] Backend  : 9100
2026-09-05 09:15:11,937 - INFO - [OK] Frontend : 9121
2026-09-05 09:15:11,937 - INFO - 
2026-09-05 09:15:11,938 - INFO - Starting backend...
2026-09-05 09:15:27,106 - INFO - [OK] Backend Ready
2026-09-05 09:15:27,106 - INFO - Starting frontend...
2026-09-05 09:15:28,143 - INFO - [OK] Frontend Ready
2026-09-05 09:15:28,144 - INFO - 
2026-09-05 09:15:28,144 - INFO - ========================================
2026-09-05 09:15:28,144 - INFO - SYSTEM STATUS: RUNNING
2026-09-05 09:15:28,145 - INFO - ========================================
2026-09-05 09:15:28,145 - INFO - 
2026-09-05 09:15:28,145 - INFO - Monitoring Server:
2026-09-05 09:15:28,145 - INFO - 10.119.43.25
2026-09-05 09:15:28,145 - INFO - 
2026-09-05 09:15:28,145 - INFO - Printer Networks:
2026-09-05 09:15:28,145 - INFO - 10.119.34.0/24
2026-09-05 09:15:28,145 - INFO - 10.119.43.0/24
2026-09-05 09:15:28,145 - INFO - 
2026-09-05 09:15:28,145 - INFO - Frontend:
2026-09-05 09:15:28,145 - INFO - http://10.119.43.25:9121
2026-09-05 09:15:28,145 - INFO - 
2026-09-05 09:15:28,145 - INFO - Opening browser...
2026-09-05 09:15:28,145 - INFO - ========================================
2026-09-05 09:15:28,208 - INFO - READY
2026-09-05 09:31:26,818 - INFO - STOP
2026-09-05 09:31:27,300 - INFO - Backend stopped
2026-09-05 09:31:27,739 - INFO - Frontend stopped
2026-09-05 09:31:29,740 - INFO - START
2026-09-05 09:31:29,740 - INFO - ========================================
2026-09-05 09:31:29,740 - INFO -        PRINTER MONITORING SYSTEM
2026-09-05 09:31:29,740 - INFO - ========================================
2026-09-05 09:31:29,741 - INFO - 
2026-09-05 09:31:29,741 - INFO - Checking environment...
2026-09-05 09:31:29,741 - INFO - [OK] Python
2026-09-05 09:31:29,741 - INFO - [OK] Node.js
2026-09-05 09:31:29,741 - INFO - [OK] npm
2026-09-05 09:31:29,741 - INFO - 
2026-09-05 09:31:29,741 - INFO - Selecting ports...
2026-09-05 09:31:33,831 - INFO - [OK] Backend  : 9100
2026-09-05 09:31:33,831 - INFO - [OK] Frontend : 9121
2026-09-05 09:31:33,831 - INFO - 
2026-09-05 09:31:33,832 - INFO - Starting backend...
2026-09-05 09:31:48,989 - INFO - [OK] Backend Ready
2026-09-05 09:31:48,990 - INFO - Starting frontend...
2026-09-05 09:31:50,528 - INFO - [OK] Frontend Ready
2026-09-05 09:31:50,529 - INFO - 
2026-09-05 09:31:50,529 - INFO - ========================================
2026-09-05 09:31:50,529 - INFO - SYSTEM STATUS: RUNNING
2026-09-05 09:31:50,529 - INFO - ========================================
2026-09-05 09:31:50,529 - INFO - 
2026-09-05 09:31:50,530 - INFO - Monitoring Server:
2026-09-05 09:31:50,530 - INFO - 10.119.43.25
2026-09-05 09:31:50,530 - INFO - 
2026-09-05 09:31:50,530 - INFO - Printer Networks:
2026-09-05 09:31:50,530 - INFO - 10.119.34.0/24
2026-09-05 09:31:50,530 - INFO - 10.119.43.0/24
2026-09-05 09:31:50,530 - INFO - 
2026-09-05 09:31:50,530 - INFO - Frontend:
2026-09-05 09:31:50,530 - INFO - http://10.119.43.25:9121
2026-09-05 09:31:50,530 - INFO - 
2026-09-05 09:31:50,530 - INFO - Opening browser...
2026-09-05 09:31:50,530 - INFO - ========================================
2026-09-05 09:31:50,600 - INFO - READY
2026-09-05 09:38:54,413 - INFO - STOP
2026-09-05 09:38:54,876 - INFO - Backend stopped
2026-09-05 09:38:55,322 - INFO - Frontend stopped
2026-09-05 09:38:57,323 - INFO - START
2026-09-05 09:38:57,323 - INFO - ========================================
2026-09-05 09:38:57,323 - INFO -        PRINTER MONITORING SYSTEM
2026-09-05 09:38:57,324 - INFO - ========================================
2026-09-05 09:38:57,324 - INFO - 
2026-09-05 09:38:57,324 - INFO - Checking environment...
2026-09-05 09:38:57,324 - INFO - [OK] Python
2026-09-05 09:38:57,324 - INFO - [OK] Node.js
2026-09-05 09:38:57,324 - INFO - [OK] npm
2026-09-05 09:38:57,324 - INFO - 
2026-09-05 09:38:57,324 - INFO - Selecting ports...
2026-09-05 09:39:01,412 - INFO - [OK] Backend  : 9100
2026-09-05 09:39:01,412 - INFO - [OK] Frontend : 9121
2026-09-05 09:39:01,412 - INFO - 
2026-09-05 09:39:01,413 - INFO - Starting backend...
2026-09-05 09:39:16,606 - INFO - [OK] Backend Ready
2026-09-05 09:39:16,606 - INFO - Starting frontend...
2026-09-05 09:39:17,656 - INFO - [OK] Frontend Ready
2026-09-05 09:39:17,657 - INFO - 
2026-09-05 09:39:17,657 - INFO - ========================================
2026-09-05 09:39:17,657 - INFO - SYSTEM STATUS: RUNNING
2026-09-05 09:39:17,657 - INFO - ========================================
2026-09-05 09:39:17,657 - INFO - 
2026-09-05 09:39:17,658 - INFO - Monitoring Server:
2026-09-05 09:39:17,658 - INFO - 10.119.43.25
2026-09-05 09:39:17,658 - INFO - 
2026-09-05 09:39:17,658 - INFO - Printer Networks:
2026-09-05 09:39:17,658 - INFO - 10.119.34.0/24
2026-09-05 09:39:17,658 - INFO - 10.119.43.0/24
2026-09-05 09:39:17,658 - INFO - 
2026-09-05 09:39:17,658 - INFO - Frontend:
2026-09-05 09:39:17,658 - INFO - http://10.119.43.25:9121
2026-09-05 09:39:17,658 - INFO - 
2026-09-05 09:39:17,658 - INFO - Opening browser...
2026-09-05 09:39:17,658 - INFO - ========================================
2026-09-05 09:39:17,723 - INFO - READY
2026-09-05 09:42:00,928 - INFO - STOP
2026-09-05 09:42:01,430 - INFO - Backend stopped
2026-09-05 09:42:02,803 - INFO - Frontend stopped
2026-09-05 09:42:04,804 - INFO - START
2026-09-05 09:42:04,804 - INFO - ========================================
2026-09-05 09:42:04,804 - INFO -        PRINTER MONITORING SYSTEM
2026-09-05 09:42:04,804 - INFO - ========================================
2026-09-05 09:42:04,804 - INFO - 
2026-09-05 09:42:04,804 - INFO - Checking environment...
2026-09-05 09:42:04,804 - INFO - [OK] Python
2026-09-05 09:42:04,804 - INFO - [OK] Node.js
2026-09-05 09:42:04,804 - INFO - [OK] npm
2026-09-05 09:42:04,804 - INFO - 
2026-09-05 09:42:04,804 - INFO - Selecting ports...
2026-09-05 09:42:08,903 - INFO - [OK] Backend  : 9100
2026-09-05 09:42:08,904 - INFO - [OK] Frontend : 9121
2026-09-05 09:42:08,904 - INFO - 
2026-09-05 09:42:08,905 - INFO - Starting backend...
2026-09-05 09:42:24,085 - INFO - [OK] Backend Ready
2026-09-05 09:42:24,085 - INFO - Starting frontend...
2026-09-05 09:42:25,132 - INFO - [OK] Frontend Ready
2026-09-05 09:42:25,133 - INFO - 
2026-09-05 09:42:25,134 - INFO - ========================================
2026-09-05 09:42:25,134 - INFO - SYSTEM STATUS: RUNNING
2026-09-05 09:42:25,134 - INFO - ========================================
2026-09-05 09:42:25,134 - INFO - 
2026-09-05 09:42:25,134 - INFO - Monitoring Server:
2026-09-05 09:42:25,134 - INFO - 10.119.43.25
2026-09-05 09:42:25,134 - INFO - 
2026-09-05 09:42:25,134 - INFO - Printer Networks:
2026-09-05 09:42:25,134 - INFO - 10.119.34.0/24
2026-09-05 09:42:25,134 - INFO - 10.119.43.0/24
2026-09-05 09:42:25,134 - INFO - 
2026-09-05 09:42:25,134 - INFO - Frontend:
2026-09-05 09:42:25,134 - INFO - http://10.119.43.25:9121
2026-09-05 09:42:25,134 - INFO - 
2026-09-05 09:42:25,134 - INFO - Opening browser...
2026-09-05 09:42:25,134 - INFO - ========================================
2026-09-05 09:42:25,201 - INFO - READY
2026-09-05 09:45:41,824 - INFO - STOP
2026-09-05 09:45:42,340 - INFO - Backend stopped
2026-09-05 09:45:42,867 - INFO - Frontend stopped
2026-09-05 09:45:44,868 - INFO - START
2026-09-05 09:45:44,868 - INFO - ========================================
2026-09-05 09:45:44,868 - INFO -        PRINTER MONITORING SYSTEM
2026-09-05 09:45:44,868 - INFO - ========================================
2026-09-05 09:45:44,868 - INFO - 
2026-09-05 09:45:44,868 - INFO - Checking environment...
2026-09-05 09:45:44,868 - INFO - [OK] Python
2026-09-05 09:45:44,868 - INFO - [OK] Node.js
2026-09-05 09:45:44,868 - INFO - [OK] npm
2026-09-05 09:45:44,869 - INFO - 
2026-09-05 09:45:44,869 - INFO - Selecting ports...
2026-09-05 09:45:48,947 - INFO - [OK] Backend  : 9100
2026-09-05 09:45:48,948 - INFO - [OK] Frontend : 9121
2026-09-05 09:45:48,948 - INFO - 
2026-09-05 09:45:48,949 - INFO - Starting backend...
2026-09-05 09:46:04,141 - INFO - [OK] Backend Ready
2026-09-05 09:46:04,141 - INFO - Starting frontend...
2026-09-05 09:46:05,181 - INFO - [OK] Frontend Ready
2026-09-05 09:46:05,182 - INFO - 
2026-09-05 09:46:05,182 - INFO - ========================================
2026-09-05 09:46:05,182 - INFO - SYSTEM STATUS: RUNNING
2026-09-05 09:46:05,182 - INFO - ========================================
2026-09-05 09:46:05,182 - INFO - 
2026-09-05 09:46:05,182 - INFO - Monitoring Server:
2026-09-05 09:46:05,182 - INFO - 10.119.43.25
2026-09-05 09:46:05,182 - INFO - 
2026-09-05 09:46:05,182 - INFO - Printer Networks:
2026-09-05 09:46:05,183 - INFO - 10.119.34.0/24
2026-09-05 09:46:05,183 - INFO - 10.119.43.0/24
2026-09-05 09:46:05,183 - INFO - 
2026-09-05 09:46:05,183 - INFO - Frontend:
2026-09-05 09:46:05,183 - INFO - http://10.119.43.25:9121
2026-09-05 09:46:05,183 - INFO - 
2026-09-05 09:46:05,183 - INFO - Opening browser...
2026-09-05 09:46:05,183 - INFO - ========================================
2026-09-05 09:46:05,249 - INFO - READY
2026-09-05 09:51:10,017 - INFO - STOP
2026-09-05 09:51:10,525 - INFO - Backend stopped
2026-09-05 09:51:10,961 - INFO - Frontend stopped
2026-09-05 09:51:12,962 - INFO - START
2026-09-05 09:51:12,963 - INFO - ========================================
2026-09-05 09:51:12,963 - INFO -        PRINTER MONITORING SYSTEM
2026-09-05 09:51:12,963 - INFO - ========================================
2026-09-05 09:51:12,963 - INFO - 
2026-09-05 09:51:12,963 - INFO - Checking environment...
2026-09-05 09:51:12,963 - INFO - [OK] Python
2026-09-05 09:51:12,963 - INFO - [OK] Node.js
2026-09-05 09:51:12,963 - INFO - [OK] npm
2026-09-05 09:51:12,963 - INFO - 
2026-09-05 09:51:12,963 - INFO - Selecting ports...
2026-09-05 09:51:17,059 - INFO - [OK] Backend  : 9100
2026-09-05 09:51:17,059 - INFO - [OK] Frontend : 9121
2026-09-05 09:51:17,059 - INFO - 
2026-09-05 09:51:17,061 - INFO - Starting backend...
2026-09-05 09:51:30,310 - INFO - [OK] Backend Ready
2026-09-05 09:51:30,310 - INFO - Starting frontend...
2026-09-05 09:51:31,358 - INFO - [OK] Frontend Ready
2026-09-05 09:51:31,359 - INFO - 
2026-09-05 09:51:31,359 - INFO - ========================================
2026-09-05 09:51:31,359 - INFO - SYSTEM STATUS: RUNNING
2026-09-05 09:51:31,359 - INFO - ========================================
2026-09-05 09:51:31,359 - INFO - 
2026-09-05 09:51:31,359 - INFO - Monitoring Server:
2026-09-05 09:51:31,359 - INFO - 10.119.43.25
2026-09-05 09:51:31,359 - INFO - 
2026-09-05 09:51:31,360 - INFO - Printer Networks:
2026-09-05 09:51:31,360 - INFO - 10.119.34.0/24
2026-09-05 09:51:31,360 - INFO - 10.119.43.0/24
2026-09-05 09:51:31,360 - INFO - 
2026-09-05 09:51:31,360 - INFO - Frontend:
2026-09-05 09:51:31,360 - INFO - http://10.119.43.25:9121
2026-09-05 09:51:31,360 - INFO - 
2026-09-05 09:51:31,360 - INFO - Opening browser...
2026-09-05 09:51:31,360 - INFO - ========================================
2026-09-05 09:51:31,423 - INFO - READY
2026-09-05 10:24:51,950 - INFO - STOP
2026-09-05 10:24:52,567 - INFO - Backend stopped
2026-09-05 10:24:53,237 - INFO - Frontend stopped
2026-09-05 10:24:55,238 - INFO - START
2026-09-05 10:24:55,238 - INFO - ========================================
2026-09-05 10:24:55,238 - INFO -        PRINTER MONITORING SYSTEM
2026-09-05 10:24:55,238 - INFO - ========================================
2026-09-05 10:24:55,238 - INFO - 
2026-09-05 10:24:55,238 - INFO - Checking environment...
2026-09-05 10:24:55,238 - INFO - [OK] Python
2026-09-05 10:24:55,239 - INFO - [OK] Node.js
2026-09-05 10:24:55,239 - INFO - [OK] npm
2026-09-05 10:24:55,239 - INFO - 
2026-09-05 10:24:55,239 - INFO - Selecting ports...
2026-09-05 10:24:59,332 - INFO - [OK] Backend  : 9100
2026-09-05 10:24:59,333 - INFO - [OK] Frontend : 9121
2026-09-05 10:24:59,333 - INFO - 
2026-09-05 10:24:59,334 - INFO - Starting backend...
2026-09-05 10:25:12,474 - INFO - [OK] Backend Ready
2026-09-05 10:25:12,474 - INFO - Starting frontend...
2026-09-05 10:25:13,512 - INFO - [OK] Frontend Ready
2026-09-05 10:25:13,513 - INFO - 
2026-09-05 10:25:13,513 - INFO - ========================================
2026-09-05 10:25:13,514 - INFO - SYSTEM STATUS: RUNNING
2026-09-05 10:25:13,514 - INFO - ========================================
2026-09-05 10:25:13,514 - INFO - 
2026-09-05 10:25:13,514 - INFO - Monitoring Server:
2026-09-05 10:25:13,514 - INFO - 10.119.43.25
2026-09-05 10:25:13,514 - INFO - 
2026-09-05 10:25:13,514 - INFO - Printer Networks:
2026-09-05 10:25:13,514 - INFO - 10.119.34.0/24
2026-09-05 10:25:13,514 - INFO - 10.119.43.0/24
2026-09-05 10:25:13,514 - INFO - 
2026-09-05 10:25:13,514 - INFO - Frontend:
2026-09-05 10:25:13,514 - INFO - http://10.119.43.25:9121
2026-09-05 10:25:13,514 - INFO - 
2026-09-05 10:25:13,514 - INFO - Opening browser...
2026-09-05 10:25:13,514 - INFO - ========================================
2026-09-05 10:25:13,578 - INFO - READY
2026-09-05 10:32:32,442 - INFO - STOP
2026-09-05 10:32:32,955 - INFO - Backend stopped
2026-09-05 10:32:33,478 - INFO - Frontend stopped
2026-09-05 10:32:35,479 - INFO - START
2026-09-05 10:32:35,479 - INFO - ========================================
2026-09-05 10:32:35,480 - INFO -        PRINTER MONITORING SYSTEM
2026-09-05 10:32:35,480 - INFO - ========================================
2026-09-05 10:32:35,480 - INFO - 
2026-09-05 10:32:35,480 - INFO - Checking environment...
2026-09-05 10:32:35,480 - INFO - [OK] Python
2026-09-05 10:32:35,480 - INFO - [OK] Node.js
2026-09-05 10:32:35,480 - INFO - [OK] npm
2026-09-05 10:32:35,480 - INFO - 
2026-09-05 10:32:35,480 - INFO - Selecting ports...
2026-09-05 10:32:39,568 - INFO - [OK] Backend  : 9100
2026-09-05 10:32:39,568 - INFO - [OK] Frontend : 9121
2026-09-05 10:32:39,568 - INFO - 
2026-09-05 10:32:39,569 - INFO - Starting backend...
2026-09-05 10:32:54,734 - INFO - [OK] Backend Ready
2026-09-05 10:32:54,734 - INFO - Starting frontend...
2026-09-05 10:32:55,793 - INFO - [OK] Frontend Ready
2026-09-05 10:32:55,794 - INFO - 
2026-09-05 10:32:55,794 - INFO - ========================================
2026-09-05 10:32:55,794 - INFO - SYSTEM STATUS: RUNNING
2026-09-05 10:32:55,794 - INFO - ========================================
2026-09-05 10:32:55,794 - INFO - 
2026-09-05 10:32:55,794 - INFO - Monitoring Server:
2026-09-05 10:32:55,794 - INFO - 10.119.43.25
2026-09-05 10:32:55,795 - INFO - 
2026-09-05 10:32:55,795 - INFO - Printer Networks:
2026-09-05 10:32:55,795 - INFO - 10.119.34.0/24
2026-09-05 10:32:55,795 - INFO - 10.119.43.0/24
2026-09-05 10:32:55,795 - INFO - 
2026-09-05 10:32:55,795 - INFO - Frontend:
2026-09-05 10:32:55,795 - INFO - http://10.119.43.25:9121
2026-09-05 10:32:55,795 - INFO - 
2026-09-05 10:32:55,795 - INFO - Opening browser...
2026-09-05 10:32:55,796 - INFO - ========================================
2026-09-05 10:32:55,863 - INFO - READY
2026-09-05 11:27:22,117 - INFO - STOP
2026-09-05 11:27:22,600 - INFO - Backend stopped
2026-09-05 11:27:23,031 - INFO - Frontend stopped
2026-09-05 11:27:25,032 - INFO - START
2026-09-05 11:27:25,032 - INFO - ========================================
2026-09-05 11:27:25,032 - INFO -        PRINTER MONITORING SYSTEM
2026-09-05 11:27:25,032 - INFO - ========================================
2026-09-05 11:27:25,032 - INFO - 
2026-09-05 11:27:25,032 - INFO - Checking environment...
2026-09-05 11:27:25,032 - INFO - [OK] Python
2026-09-05 11:27:25,032 - INFO - [OK] Node.js
2026-09-05 11:27:25,032 - INFO - [OK] npm
2026-09-05 11:27:25,032 - INFO - 
2026-09-05 11:27:25,033 - INFO - Selecting ports...
2026-09-05 11:27:29,136 - INFO - [OK] Backend  : 9100
2026-09-05 11:27:29,136 - INFO - [OK] Frontend : 9121
2026-09-05 11:27:29,136 - INFO - 
2026-09-05 11:27:29,137 - INFO - Starting backend...
2026-09-05 11:27:32,178 - INFO - [OK] Backend Ready
2026-09-05 11:27:32,178 - INFO - Starting frontend...
2026-09-05 11:27:33,223 - INFO - [OK] Frontend Ready
2026-09-05 11:27:33,224 - INFO - 
2026-09-05 11:27:33,224 - INFO - ========================================
2026-09-05 11:27:33,224 - INFO - SYSTEM STATUS: RUNNING
2026-09-05 11:27:33,224 - INFO - ========================================
2026-09-05 11:27:33,224 - INFO - 
2026-09-05 11:27:33,224 - INFO - Monitoring Server:
2026-09-05 11:27:33,224 - INFO - 10.119.43.25
2026-09-05 11:27:33,224 - INFO - 
2026-09-05 11:27:33,224 - INFO - Printer Networks:
2026-09-05 11:27:33,225 - INFO - 10.119.34.0/24
2026-09-05 11:27:33,225 - INFO - 10.119.43.0/24
2026-09-05 11:27:33,225 - INFO - 
2026-09-05 11:27:33,225 - INFO - Frontend:
2026-09-05 11:27:33,225 - INFO - http://10.119.43.25:9121
2026-09-05 11:27:33,225 - INFO - 
2026-09-05 11:27:33,225 - INFO - Opening browser...
2026-09-05 11:27:33,225 - INFO - ========================================
2026-09-05 11:27:33,289 - INFO - READY
2026-09-05 11:32:44,015 - INFO - STOP
2026-09-05 11:32:44,494 - INFO - Backend stopped
2026-09-05 11:32:44,937 - INFO - Frontend stopped
2026-09-05 11:32:46,938 - INFO - START
2026-09-05 11:32:46,938 - INFO - ========================================
2026-09-05 11:32:46,938 - INFO -        PRINTER MONITORING SYSTEM
2026-09-05 11:32:46,938 - INFO - ========================================
2026-09-05 11:32:46,938 - INFO - 
2026-09-05 11:32:46,938 - INFO - Checking environment...
2026-09-05 11:32:46,938 - INFO - [OK] Python
2026-09-05 11:32:46,938 - INFO - [OK] Node.js
2026-09-05 11:32:46,938 - INFO - [OK] npm
2026-09-05 11:32:46,938 - INFO - 
2026-09-05 11:32:46,938 - INFO - Selecting ports...
2026-09-05 11:32:51,038 - INFO - [OK] Backend  : 9100
2026-09-05 11:32:51,038 - INFO - [OK] Frontend : 9121
2026-09-05 11:32:51,038 - INFO - 
2026-09-05 11:32:51,039 - INFO - Starting backend...
2026-09-05 11:33:03,406 - INFO - [OK] Backend Ready
2026-09-05 11:33:03,406 - INFO - Starting frontend...
2026-09-05 11:33:04,456 - INFO - [OK] Frontend Ready
2026-09-05 11:33:04,457 - INFO - 
2026-09-05 11:33:04,457 - INFO - ========================================
2026-09-05 11:33:04,457 - INFO - SYSTEM STATUS: RUNNING
2026-09-05 11:33:04,458 - INFO - ========================================
2026-09-05 11:33:04,458 - INFO - 
2026-09-05 11:33:04,458 - INFO - Monitoring Server:
2026-09-05 11:33:04,458 - INFO - 10.119.43.25
2026-09-05 11:33:04,458 - INFO - 
2026-09-05 11:33:04,458 - INFO - Printer Networks:
2026-09-05 11:33:04,458 - INFO - 10.119.34.0/24
2026-09-05 11:33:04,458 - INFO - 10.119.43.0/24
2026-09-05 11:33:04,458 - INFO - 
2026-09-05 11:33:04,458 - INFO - Frontend:
2026-09-05 11:33:04,459 - INFO - http://10.119.43.25:9121
2026-09-05 11:33:04,459 - INFO - 
2026-09-05 11:33:04,459 - INFO - Opening browser...
2026-09-05 11:33:04,459 - INFO - ========================================
2026-09-05 11:33:04,569 - INFO - READY
2026-09-05 11:48:50,709 - INFO - STOP
2026-09-05 11:48:51,185 - INFO - Backend stopped
2026-09-05 11:48:51,630 - INFO - Frontend stopped
2026-09-05 11:48:53,631 - INFO - START
2026-09-05 11:48:53,631 - INFO - ========================================
2026-09-05 11:48:53,632 - INFO -        PRINTER MONITORING SYSTEM
2026-09-05 11:48:53,632 - INFO - ========================================
2026-09-05 11:48:53,632 - INFO - 
2026-09-05 11:48:53,632 - INFO - Checking environment...
2026-09-05 11:48:53,632 - INFO - [OK] Python
2026-09-05 11:48:53,632 - INFO - [OK] Node.js
2026-09-05 11:48:53,632 - INFO - [OK] npm
2026-09-05 11:48:53,632 - INFO - 
2026-09-05 11:48:53,632 - INFO - Selecting ports...
2026-09-05 11:48:57,724 - INFO - [OK] Backend  : 9100
2026-09-05 11:48:57,724 - INFO - [OK] Frontend : 9121
2026-09-05 11:48:57,724 - INFO - 
2026-09-05 11:48:57,725 - INFO - Starting backend...
2026-09-05 11:49:10,118 - INFO - [OK] Backend Ready
2026-09-05 11:49:10,118 - INFO - Starting frontend...
2026-09-05 11:49:11,155 - INFO - [OK] Frontend Ready
2026-09-05 11:49:11,156 - INFO - 
2026-09-05 11:49:11,156 - INFO - ========================================
2026-09-05 11:49:11,156 - INFO - SYSTEM STATUS: RUNNING
2026-09-05 11:49:11,156 - INFO - ========================================
2026-09-05 11:49:11,157 - INFO - 
2026-09-05 11:49:11,157 - INFO - Monitoring Server:
2026-09-05 11:49:11,157 - INFO - 10.119.43.25
2026-09-05 11:49:11,157 - INFO - 
2026-09-05 11:49:11,157 - INFO - Printer Networks:
2026-09-05 11:49:11,157 - INFO - 10.119.34.0/24
2026-09-05 11:49:11,157 - INFO - 10.119.43.0/24
2026-09-05 11:49:11,157 - INFO - 
2026-09-05 11:49:11,157 - INFO - Frontend:
2026-09-05 11:49:11,157 - INFO - http://10.119.43.25:9121
2026-09-05 11:49:11,157 - INFO - 
2026-09-05 11:49:11,157 - INFO - Opening browser...
2026-09-05 11:49:11,157 - INFO - ========================================
2026-09-05 11:49:11,220 - INFO - READY
2026-09-05 12:24:07,285 - INFO - STOP
2026-09-05 12:24:07,808 - INFO - Backend stopped
2026-09-05 12:24:08,287 - INFO - Frontend stopped
2026-09-05 12:24:10,288 - INFO - START
2026-09-05 12:24:10,288 - INFO - ========================================
2026-09-05 12:24:10,288 - INFO -        PRINTER MONITORING SYSTEM
2026-09-05 12:24:10,288 - INFO - ========================================
2026-09-05 12:24:10,288 - INFO - 
2026-09-05 12:24:10,288 - INFO - Checking environment...
2026-09-05 12:24:10,288 - INFO - [OK] Python
2026-09-05 12:24:10,288 - INFO - [OK] Node.js
2026-09-05 12:24:10,288 - INFO - [OK] npm
2026-09-05 12:24:10,288 - INFO - 
2026-09-05 12:24:10,288 - INFO - Selecting ports...
2026-09-05 12:24:14,325 - INFO - [OK] Backend  : 9100
2026-09-05 12:24:14,325 - INFO - [OK] Frontend : 9121
2026-09-05 12:24:14,325 - INFO - 
2026-09-05 12:24:14,326 - INFO - Starting backend...
2026-09-05 12:24:26,705 - INFO - [OK] Backend Ready
2026-09-05 12:24:26,705 - INFO - Starting frontend...
2026-09-05 12:24:27,743 - INFO - [OK] Frontend Ready
2026-09-05 12:24:27,744 - INFO - 
2026-09-05 12:24:27,744 - INFO - ========================================
2026-09-05 12:24:27,744 - INFO - SYSTEM STATUS: RUNNING
2026-09-05 12:24:27,744 - INFO - ========================================
2026-09-05 12:24:27,745 - INFO - 
2026-09-05 12:24:27,745 - INFO - Monitoring Server:
2026-09-05 12:24:27,745 - INFO - 10.119.43.25
2026-09-05 12:24:27,745 - INFO - 
2026-09-05 12:24:27,745 - INFO - Printer Networks:
2026-09-05 12:24:27,745 - INFO - 10.119.34.0/24
2026-09-05 12:24:27,745 - INFO - 10.119.43.0/24
2026-09-05 12:24:27,745 - INFO - 
2026-09-05 12:24:27,745 - INFO - Frontend:
2026-09-05 12:24:27,745 - INFO - http://10.119.43.25:9121
2026-09-05 12:24:27,745 - INFO - 
2026-09-05 12:24:27,745 - INFO - Opening browser...
2026-09-05 12:24:27,745 - INFO - ========================================
2026-09-05 12:24:27,808 - INFO - READY
2026-09-05 14:20:53,961 - INFO - STOP
2026-09-05 14:20:54,528 - INFO - Backend stopped
2026-09-05 14:20:55,073 - INFO - Frontend stopped
2026-09-05 14:20:57,073 - INFO - START
2026-09-05 14:20:57,074 - INFO - ========================================
2026-09-05 14:20:57,074 - INFO -        PRINTER MONITORING SYSTEM
2026-09-05 14:20:57,074 - INFO - ========================================
2026-09-05 14:20:57,074 - INFO - 
2026-09-05 14:20:57,074 - INFO - Checking environment...
2026-09-05 14:20:57,074 - INFO - [OK] Python
2026-09-05 14:20:57,074 - INFO - [OK] Node.js
2026-09-05 14:20:57,074 - INFO - [OK] npm
2026-09-05 14:20:57,074 - INFO - 
2026-09-05 14:20:57,074 - INFO - Selecting ports...
2026-09-05 14:21:01,160 - INFO - [OK] Backend  : 9100
2026-09-05 14:21:01,160 - INFO - [OK] Frontend : 9121
2026-09-05 14:21:01,160 - INFO - 
2026-09-05 14:21:01,161 - INFO - Starting backend...
2026-09-05 14:21:15,034 - INFO - [OK] Backend Ready
2026-09-05 14:21:15,034 - INFO - Starting frontend...
2026-09-05 14:21:16,074 - INFO - [OK] Frontend Ready
2026-09-05 14:21:16,075 - INFO - 
2026-09-05 14:21:16,075 - INFO - ========================================
2026-09-05 14:21:16,075 - INFO - SYSTEM STATUS: RUNNING
2026-09-05 14:21:16,075 - INFO - ========================================
2026-09-05 14:21:16,075 - INFO - 
2026-09-05 14:21:16,076 - INFO - Monitoring Server:
2026-09-05 14:21:16,076 - INFO - 10.119.43.25
2026-09-05 14:21:16,076 - INFO - 
2026-09-05 14:21:16,076 - INFO - Printer Networks:
2026-09-05 14:21:16,076 - INFO - 10.119.34.0/24
2026-09-05 14:21:16,076 - INFO - 10.119.43.0/24
2026-09-05 14:21:16,076 - INFO - 
2026-09-05 14:21:16,076 - INFO - Frontend:
2026-09-05 14:21:16,076 - INFO - http://10.119.43.25:9121
2026-09-05 14:21:16,076 - INFO - 
2026-09-05 14:21:16,076 - INFO - Opening browser...
2026-09-05 14:21:16,076 - INFO - ========================================
2026-09-05 14:21:16,151 - INFO - READY
2026-09-05 14:31:09,286 - INFO - STOP
2026-09-05 14:31:09,830 - INFO - Backend stopped
2026-09-05 14:31:10,314 - INFO - Frontend stopped
2026-09-05 14:31:12,314 - INFO - START
2026-09-05 14:31:12,314 - INFO - ========================================
2026-09-05 14:31:12,314 - INFO -        PRINTER MONITORING SYSTEM
2026-09-05 14:31:12,315 - INFO - ========================================
2026-09-05 14:31:12,315 - INFO - 
2026-09-05 14:31:12,315 - INFO - Checking environment...
2026-09-05 14:31:12,315 - INFO - [OK] Python
2026-09-05 14:31:12,315 - INFO - [OK] Node.js
2026-09-05 14:31:12,315 - INFO - [OK] npm
2026-09-05 14:31:12,315 - INFO - 
2026-09-05 14:31:12,315 - INFO - Selecting ports...
2026-09-05 14:31:16,411 - INFO - [OK] Backend  : 9100
2026-09-05 14:31:16,411 - INFO - [OK] Frontend : 9121
2026-09-05 14:31:16,412 - INFO - 
2026-09-05 14:31:16,413 - INFO - Starting backend...
2026-09-05 14:31:28,777 - INFO - [OK] Backend Ready
2026-09-05 14:31:28,777 - INFO - Starting frontend...
2026-09-05 14:31:29,828 - INFO - [OK] Frontend Ready
2026-09-05 14:31:29,828 - INFO - 
2026-09-05 14:31:29,829 - INFO - ========================================
2026-09-05 14:31:29,829 - INFO - SYSTEM STATUS: RUNNING
2026-09-05 14:31:29,829 - INFO - ========================================
2026-09-05 14:31:29,829 - INFO - 
2026-09-05 14:31:29,829 - INFO - Monitoring Server:
2026-09-05 14:31:29,829 - INFO - 10.119.43.25
2026-09-05 14:31:29,829 - INFO - 
2026-09-05 14:31:29,829 - INFO - Printer Networks:
2026-09-05 14:31:29,829 - INFO - 10.119.34.0/24
2026-09-05 14:31:29,829 - INFO - 10.119.43.0/24
2026-09-05 14:31:29,829 - INFO - 
2026-09-05 14:31:29,829 - INFO - Frontend:
2026-09-05 14:31:29,829 - INFO - http://10.119.43.25:9121
2026-09-05 14:31:29,829 - INFO - 
2026-09-05 14:31:29,829 - INFO - Opening browser...
2026-09-05 14:31:29,830 - INFO - ========================================
2026-09-05 14:31:29,892 - INFO - READY
2026-09-05 15:06:40,123 - INFO - STOP
2026-09-05 15:06:40,704 - INFO - Backend stopped
2026-09-05 15:06:41,230 - INFO - Frontend stopped
2026-09-05 15:06:43,231 - INFO - START
2026-09-05 15:06:43,231 - INFO - ========================================
2026-09-05 15:06:43,231 - INFO -        PRINTER MONITORING SYSTEM
2026-09-05 15:06:43,231 - INFO - ========================================
2026-09-05 15:06:43,231 - INFO - 
2026-09-05 15:06:43,231 - INFO - Checking environment...
2026-09-05 15:06:43,231 - INFO - [OK] Python
2026-09-05 15:06:43,231 - INFO - [OK] Node.js
2026-09-05 15:06:43,231 - INFO - [OK] npm
2026-09-05 15:06:43,232 - INFO - 
2026-09-05 15:06:43,232 - INFO - Selecting ports...
2026-09-05 15:06:47,336 - INFO - [OK] Backend  : 9100
2026-09-05 15:06:47,336 - INFO - [OK] Frontend : 9121
2026-09-05 15:06:47,337 - INFO - 
2026-09-05 15:06:47,338 - INFO - Starting backend...
2026-09-05 15:07:00,771 - INFO - [OK] Backend Ready
2026-09-05 15:07:00,771 - INFO - Starting frontend...
2026-09-05 15:07:01,825 - INFO - [OK] Frontend Ready
2026-09-05 15:07:01,826 - INFO - 
2026-09-05 15:07:01,826 - INFO - ========================================
2026-09-05 15:07:01,826 - INFO - SYSTEM STATUS: RUNNING
2026-09-05 15:07:01,826 - INFO - ========================================
2026-09-05 15:07:01,826 - INFO - 
2026-09-05 15:07:01,826 - INFO - Monitoring Server:
2026-09-05 15:07:01,826 - INFO - 10.119.43.25
2026-09-05 15:07:01,826 - INFO - 
2026-09-05 15:07:01,826 - INFO - Printer Networks:
2026-09-05 15:07:01,827 - INFO - 10.119.34.0/24
2026-09-05 15:07:01,827 - INFO - 10.119.43.0/24
2026-09-05 15:07:01,827 - INFO - 
2026-09-05 15:07:01,827 - INFO - Frontend:
2026-09-05 15:07:01,827 - INFO - http://10.119.43.25:9121
2026-09-05 15:07:01,827 - INFO - 
2026-09-05 15:07:01,827 - INFO - Opening browser...
2026-09-05 15:07:01,827 - INFO - ========================================
2026-09-05 15:07:01,904 - INFO - READY
2026-09-05 15:12:49,846 - INFO - STOP
2026-09-05 15:12:50,490 - INFO - Backend stopped
2026-09-05 15:12:51,053 - INFO - Frontend stopped
2026-09-05 15:12:53,054 - INFO - START
2026-09-05 15:12:53,055 - INFO - ========================================
2026-09-05 15:12:53,055 - INFO -        PRINTER MONITORING SYSTEM
2026-09-05 15:12:53,055 - INFO - ========================================
2026-09-05 15:12:53,055 - INFO - 
2026-09-05 15:12:53,055 - INFO - Checking environment...
2026-09-05 15:12:53,055 - INFO - [OK] Python
2026-09-05 15:12:53,055 - INFO - [OK] Node.js
2026-09-05 15:12:53,055 - INFO - [OK] npm
2026-09-05 15:12:53,055 - INFO - 
2026-09-05 15:12:53,055 - INFO - Selecting ports...
2026-09-05 15:12:57,139 - INFO - [OK] Backend  : 9100
2026-09-05 15:12:57,139 - INFO - [OK] Frontend : 9121
2026-09-05 15:12:57,139 - INFO - 
2026-09-05 15:12:57,140 - INFO - Starting backend...
2026-09-05 15:13:11,243 - INFO - [OK] Backend Ready
2026-09-05 15:13:11,243 - INFO - Starting frontend...
2026-09-05 15:13:12,289 - INFO - [OK] Frontend Ready
2026-09-05 15:13:12,290 - INFO - 
2026-09-05 15:13:12,291 - INFO - ========================================
2026-09-05 15:13:12,291 - INFO - SYSTEM STATUS: RUNNING
2026-09-05 15:13:12,291 - INFO - ========================================
2026-09-05 15:13:12,291 - INFO - 
2026-09-05 15:13:12,291 - INFO - Monitoring Server:
2026-09-05 15:13:12,291 - INFO - 10.119.43.25
2026-09-05 15:13:12,291 - INFO - 
2026-09-05 15:13:12,291 - INFO - Printer Networks:
2026-09-05 15:13:12,291 - INFO - 10.119.34.0/24
2026-09-05 15:13:12,291 - INFO - 10.119.43.0/24
2026-09-05 15:13:12,291 - INFO - 
2026-09-05 15:13:12,291 - INFO - Frontend:
2026-09-05 15:13:12,291 - INFO - http://10.119.43.25:9121
2026-09-05 15:13:12,292 - INFO - 
2026-09-05 15:13:12,292 - INFO - Opening browser...
2026-09-05 15:13:12,292 - INFO - ========================================
2026-09-05 15:13:12,368 - INFO - READY
2026-09-05 15:17:25,992 - INFO - STOP
2026-09-05 15:17:26,574 - INFO - Backend stopped
2026-09-05 15:17:27,148 - INFO - Frontend stopped
2026-09-05 15:17:29,149 - INFO - START
2026-09-05 15:17:29,149 - INFO - ========================================
2026-09-05 15:17:29,150 - INFO -        PRINTER MONITORING SYSTEM
2026-09-05 15:17:29,150 - INFO - ========================================
2026-09-05 15:17:29,150 - INFO - 
2026-09-05 15:17:29,150 - INFO - Checking environment...
2026-09-05 15:17:29,150 - INFO - [OK] Python
2026-09-05 15:17:29,150 - INFO - [OK] Node.js
2026-09-05 15:17:29,150 - INFO - [OK] npm
2026-09-05 15:17:29,150 - INFO - 
2026-09-05 15:17:29,150 - INFO - Selecting ports...
2026-09-05 15:17:33,245 - INFO - [OK] Backend  : 9100
2026-09-05 15:17:33,245 - INFO - [OK] Frontend : 9121
2026-09-05 15:17:33,245 - INFO - 
2026-09-05 15:17:33,247 - INFO - Starting backend...
2026-09-05 15:17:47,292 - INFO - [OK] Backend Ready
2026-09-05 15:17:47,292 - INFO - Starting frontend...
2026-09-05 15:17:48,338 - INFO - [OK] Frontend Ready
2026-09-05 15:17:48,339 - INFO - 
2026-09-05 15:17:48,340 - INFO - ========================================
2026-09-05 15:17:48,340 - INFO - SYSTEM STATUS: RUNNING
2026-09-05 15:17:48,340 - INFO - ========================================
2026-09-05 15:17:48,340 - INFO - 
2026-09-05 15:17:48,340 - INFO - Monitoring Server:
2026-09-05 15:17:48,340 - INFO - 10.119.43.25
2026-09-05 15:17:48,340 - INFO - 
2026-09-05 15:17:48,340 - INFO - Printer Networks:
2026-09-05 15:17:48,340 - INFO - 10.119.34.0/24
2026-09-05 15:17:48,340 - INFO - 10.119.43.0/24
2026-09-05 15:17:48,340 - INFO - 
2026-09-05 15:17:48,340 - INFO - Frontend:
2026-09-05 15:17:48,341 - INFO - http://10.119.43.25:9121
2026-09-05 15:17:48,341 - INFO - 
2026-09-05 15:17:48,341 - INFO - Opening browser...
2026-09-05 15:17:48,341 - INFO - ========================================
2026-09-05 15:17:48,419 - INFO - READY
2026-09-05 23:09:33,692 - INFO - STOP
2026-09-05 23:09:34,257 - INFO - Backend stopped
2026-09-05 23:09:34,825 - INFO - Frontend stopped
2026-09-05 23:09:36,826 - INFO - START
2026-09-05 23:09:36,826 - INFO - ========================================
2026-09-05 23:09:36,826 - INFO -        PRINTER MONITORING SYSTEM
2026-09-05 23:09:36,826 - INFO - ========================================
2026-09-05 23:09:36,826 - INFO - 
2026-09-05 23:09:36,826 - INFO - Checking environment...
2026-09-05 23:09:36,826 - INFO - [OK] Python
2026-09-05 23:09:36,826 - INFO - [OK] Node.js
2026-09-05 23:09:36,826 - INFO - [OK] npm
2026-09-05 23:09:36,826 - INFO - 
2026-09-05 23:09:36,826 - INFO - Selecting ports...
2026-09-05 23:09:40,914 - INFO - [OK] Backend  : 9100
2026-09-05 23:09:40,914 - INFO - [OK] Frontend : 9121
2026-09-05 23:09:40,914 - INFO - 
2026-09-05 23:09:40,915 - INFO - Starting backend...
2026-09-05 23:09:53,975 - INFO - [OK] Backend Ready
2026-09-05 23:09:53,975 - INFO - Starting frontend...
2026-09-05 23:09:55,027 - INFO - [OK] Frontend Ready
2026-09-05 23:09:55,029 - INFO - 
2026-09-05 23:09:55,029 - INFO - ========================================
2026-09-05 23:09:55,029 - INFO - SYSTEM STATUS: RUNNING
2026-09-05 23:09:55,029 - INFO - ========================================
2026-09-05 23:09:55,029 - INFO - 
2026-09-05 23:09:55,029 - INFO - Monitoring Server:
2026-09-05 23:09:55,029 - INFO - 10.119.43.25
2026-09-05 23:09:55,029 - INFO - 
2026-09-05 23:09:55,029 - INFO - Printer Networks:
2026-09-05 23:09:55,029 - INFO - 10.119.34.0/24
2026-09-05 23:09:55,029 - INFO - 10.119.43.0/24
2026-09-05 23:09:55,029 - INFO - 
2026-09-05 23:09:55,029 - INFO - Frontend:
2026-09-05 23:09:55,030 - INFO - http://10.119.43.25:9121
2026-09-05 23:09:55,030 - INFO - 
2026-09-05 23:09:55,030 - INFO - Opening browser...
2026-09-05 23:09:55,030 - INFO - ========================================
2026-09-05 23:09:55,099 - INFO - READY
2026-09-05 23:50:40,754 - INFO - STOP
2026-09-05 23:50:41,283 - INFO - Backend stopped
2026-09-05 23:50:41,776 - INFO - Frontend stopped
2026-09-05 23:50:43,777 - INFO - START
2026-09-05 23:50:43,778 - INFO - ========================================
2026-09-05 23:50:43,778 - INFO -        PRINTER MONITORING SYSTEM
2026-09-05 23:50:43,778 - INFO - ========================================
2026-09-05 23:50:43,778 - INFO - 
2026-09-05 23:50:43,778 - INFO - Checking environment...
2026-09-05 23:50:43,778 - INFO - [OK] Python
2026-09-05 23:50:43,778 - INFO - [OK] Node.js
2026-09-05 23:50:43,778 - INFO - [OK] npm
2026-09-05 23:50:43,778 - INFO - 
2026-09-05 23:50:43,778 - INFO - Selecting ports...
2026-09-05 23:50:47,871 - INFO - [OK] Backend  : 9100
2026-09-05 23:50:47,872 - INFO - [OK] Frontend : 9121
2026-09-05 23:50:47,872 - INFO - 
2026-09-05 23:50:47,873 - INFO - Starting backend...
2026-09-05 23:51:00,732 - INFO - [OK] Backend Ready
2026-09-05 23:51:00,732 - INFO - Starting frontend...
2026-09-05 23:51:01,773 - INFO - [OK] Frontend Ready
2026-09-05 23:51:01,774 - INFO - 
2026-09-05 23:51:01,774 - INFO - ========================================
2026-09-05 23:51:01,774 - INFO - SYSTEM STATUS: RUNNING
2026-09-05 23:51:01,774 - INFO - ========================================
2026-09-05 23:51:01,775 - INFO - 
2026-09-05 23:51:01,775 - INFO - Monitoring Server:
2026-09-05 23:51:01,775 - INFO - 10.119.43.25
2026-09-05 23:51:01,775 - INFO - 
2026-09-05 23:51:01,775 - INFO - Printer Networks:
2026-09-05 23:51:01,775 - INFO - 10.119.34.0/24
2026-09-05 23:51:01,775 - INFO - 10.119.43.0/24
2026-09-05 23:51:01,775 - INFO - 
2026-09-05 23:51:01,775 - INFO - Frontend:
2026-09-05 23:51:01,775 - INFO - http://10.119.43.25:9121
2026-09-05 23:51:01,775 - INFO - 
2026-09-05 23:51:01,775 - INFO - Opening browser...
2026-09-05 23:51:01,775 - INFO - ========================================
2026-09-05 23:51:01,843 - INFO - READY
2026-09-05 23:55:51,307 - INFO - STOP
2026-09-05 23:55:51,924 - INFO - Backend stopped
2026-09-05 23:55:52,622 - INFO - Frontend stopped
2026-09-05 23:55:54,623 - INFO - START
2026-09-05 23:55:54,623 - INFO - ========================================
2026-09-05 23:55:54,623 - INFO -        PRINTER MONITORING SYSTEM
2026-09-05 23:55:54,624 - INFO - ========================================
2026-09-05 23:55:54,624 - INFO - 
2026-09-05 23:55:54,624 - INFO - Checking environment...
2026-09-05 23:55:54,624 - INFO - [OK] Python
2026-09-05 23:55:54,624 - INFO - [OK] Node.js
2026-09-05 23:55:54,624 - INFO - [OK] npm
2026-09-05 23:55:54,624 - INFO - 
2026-09-05 23:55:54,624 - INFO - Selecting ports...
2026-09-05 23:55:58,720 - INFO - [OK] Backend  : 9100
2026-09-05 23:55:58,720 - INFO - [OK] Frontend : 9121
2026-09-05 23:55:58,720 - INFO - 
2026-09-05 23:55:58,721 - INFO - Starting backend...
2026-09-05 23:56:11,559 - INFO - [OK] Backend Ready
2026-09-05 23:56:11,559 - INFO - Starting frontend...
2026-09-05 23:56:12,595 - INFO - [OK] Frontend Ready
2026-09-05 23:56:12,596 - INFO - 
2026-09-05 23:56:12,596 - INFO - ========================================
2026-09-05 23:56:12,596 - INFO - SYSTEM STATUS: RUNNING
2026-09-05 23:56:12,596 - INFO - ========================================
2026-09-05 23:56:12,596 - INFO - 
2026-09-05 23:56:12,596 - INFO - Monitoring Server:
2026-09-05 23:56:12,596 - INFO - 10.119.43.25
2026-09-05 23:56:12,596 - INFO - 
2026-09-05 23:56:12,596 - INFO - Printer Networks:
2026-09-05 23:56:12,596 - INFO - 10.119.34.0/24
2026-09-05 23:56:12,596 - INFO - 10.119.43.0/24
2026-09-05 23:56:12,597 - INFO - 
2026-09-05 23:56:12,597 - INFO - Frontend:
2026-09-05 23:56:12,597 - INFO - http://10.119.43.25:9121
2026-09-05 23:56:12,597 - INFO - 
2026-09-05 23:56:12,597 - INFO - Opening browser...
2026-09-05 23:56:12,597 - INFO - ========================================
2026-09-05 23:56:12,665 - INFO - READY
2026-09-06 00:25:36,350 - INFO - STOP
2026-09-06 00:25:37,009 - INFO - Backend stopped
2026-09-06 00:25:37,624 - INFO - Frontend stopped
2026-09-06 00:25:39,624 - INFO - START
2026-09-06 00:25:39,625 - INFO - ========================================
2026-09-06 00:25:39,625 - INFO -        PRINTER MONITORING SYSTEM
2026-09-06 00:25:39,625 - INFO - ========================================
2026-09-06 00:25:39,625 - INFO - 
2026-09-06 00:25:39,625 - INFO - Checking environment...
2026-09-06 00:25:39,625 - INFO - [OK] Python
2026-09-06 00:25:39,625 - INFO - [OK] Node.js
2026-09-06 00:25:39,625 - INFO - [OK] npm
2026-09-06 00:25:39,625 - INFO - 
2026-09-06 00:25:39,625 - INFO - Selecting ports...
2026-09-06 00:25:43,717 - INFO - [OK] Backend  : 9100
2026-09-06 00:25:43,718 - INFO - [OK] Frontend : 9121
2026-09-06 00:25:43,718 - INFO - 
2026-09-06 00:25:43,719 - INFO - Starting backend...
2026-09-06 00:25:58,797 - INFO - [OK] Backend Ready
2026-09-06 00:25:58,797 - INFO - Starting frontend...
2026-09-06 00:25:59,835 - INFO - [OK] Frontend Ready
2026-09-06 00:25:59,836 - INFO - 
2026-09-06 00:25:59,836 - INFO - ========================================
2026-09-06 00:25:59,836 - INFO - SYSTEM STATUS: RUNNING
2026-09-06 00:25:59,836 - INFO - ========================================
2026-09-06 00:25:59,837 - INFO - 
2026-09-06 00:25:59,837 - INFO - Monitoring Server:
2026-09-06 00:25:59,837 - INFO - 10.119.43.25
2026-09-06 00:25:59,837 - INFO - 
2026-09-06 00:25:59,837 - INFO - Printer Networks:
2026-09-06 00:25:59,837 - INFO - 10.119.34.0/24
2026-09-06 00:25:59,837 - INFO - 10.119.43.0/24
2026-09-06 00:25:59,837 - INFO - 
2026-09-06 00:25:59,837 - INFO - Frontend:
2026-09-06 00:25:59,837 - INFO - http://10.119.43.25:9121
2026-09-06 00:25:59,838 - INFO - 
2026-09-06 00:25:59,838 - INFO - Opening browser...
2026-09-06 00:25:59,838 - INFO - ========================================
2026-09-06 00:25:59,943 - INFO - READY
2026-09-06 00:28:40,275 - INFO - STOP
2026-09-06 00:28:40,919 - INFO - Backend stopped
2026-09-06 00:28:41,488 - INFO - Frontend stopped
2026-09-06 00:28:43,489 - INFO - START
2026-09-06 00:28:43,489 - INFO - ========================================
2026-09-06 00:28:43,489 - INFO -        PRINTER MONITORING SYSTEM
2026-09-06 00:28:43,489 - INFO - ========================================
2026-09-06 00:28:43,490 - INFO - 
2026-09-06 00:28:43,490 - INFO - Checking environment...
2026-09-06 00:28:43,490 - INFO - [OK] Python
2026-09-06 00:28:43,490 - INFO - [OK] Node.js
2026-09-06 00:28:43,490 - INFO - [OK] npm
2026-09-06 00:28:43,490 - INFO - 
2026-09-06 00:28:43,490 - INFO - Selecting ports...
2026-09-06 00:28:47,557 - INFO - [OK] Backend  : 9100
2026-09-06 00:28:47,557 - INFO - [OK] Frontend : 9121
2026-09-06 00:28:47,558 - INFO - 
2026-09-06 00:28:47,559 - INFO - Starting backend...
2026-09-06 00:29:02,667 - INFO - [OK] Backend Ready
2026-09-06 00:29:02,667 - INFO - Starting frontend...
2026-09-06 00:29:04,208 - INFO - [OK] Frontend Ready
2026-09-06 00:29:04,209 - INFO - 
2026-09-06 00:29:04,210 - INFO - ========================================
2026-09-06 00:29:04,210 - INFO - SYSTEM STATUS: RUNNING
2026-09-06 00:29:04,210 - INFO - ========================================
2026-09-06 00:29:04,210 - INFO - 
2026-09-06 00:29:04,210 - INFO - Monitoring Server:
2026-09-06 00:29:04,210 - INFO - 10.119.43.25
2026-09-06 00:29:04,210 - INFO - 
2026-09-06 00:29:04,211 - INFO - Printer Networks:
2026-09-06 00:29:04,211 - INFO - 10.119.34.0/24
2026-09-06 00:29:04,211 - INFO - 10.119.43.0/24
2026-09-06 00:29:04,211 - INFO - 
2026-09-06 00:29:04,211 - INFO - Frontend:
2026-09-06 00:29:04,211 - INFO - http://10.119.43.25:9121
2026-09-06 00:29:04,212 - INFO - 
2026-09-06 00:29:04,212 - INFO - Opening browser...
2026-09-06 00:29:04,212 - INFO - ========================================
2026-09-06 00:29:04,324 - INFO - READY
2026-09-06 00:33:58,394 - INFO - STOP
2026-09-06 00:33:59,030 - INFO - Backend stopped
2026-09-06 00:33:59,592 - INFO - Frontend stopped
2026-09-06 00:34:01,593 - INFO - START
2026-09-06 00:34:01,593 - INFO - ========================================
2026-09-06 00:34:01,594 - INFO -        PRINTER MONITORING SYSTEM
2026-09-06 00:34:01,594 - INFO - ========================================
2026-09-06 00:34:01,594 - INFO - 
2026-09-06 00:34:01,594 - INFO - Checking environment...
2026-09-06 00:34:01,594 - INFO - [OK] Python
2026-09-06 00:34:01,594 - INFO - [OK] Node.js
2026-09-06 00:34:01,594 - INFO - [OK] npm
2026-09-06 00:34:01,594 - INFO - 
2026-09-06 00:34:01,594 - INFO - Selecting ports...
2026-09-06 00:34:05,671 - INFO - [OK] Backend  : 9100
2026-09-06 00:34:05,671 - INFO - [OK] Frontend : 9121
2026-09-06 00:34:05,671 - INFO - 
2026-09-06 00:34:05,673 - INFO - Starting backend...
2026-09-06 00:34:20,736 - INFO - [OK] Backend Ready
2026-09-06 00:34:20,736 - INFO - Starting frontend...
2026-09-06 00:34:21,782 - INFO - [OK] Frontend Ready
2026-09-06 00:34:21,783 - INFO - 
2026-09-06 00:34:21,783 - INFO - ========================================
2026-09-06 00:34:21,783 - INFO - SYSTEM STATUS: RUNNING
2026-09-06 00:34:21,783 - INFO - ========================================
2026-09-06 00:34:21,783 - INFO - 
2026-09-06 00:34:21,783 - INFO - Monitoring Server:
2026-09-06 00:34:21,783 - INFO - 10.119.43.25
2026-09-06 00:34:21,783 - INFO - 
2026-09-06 00:34:21,783 - INFO - Printer Networks:
2026-09-06 00:34:21,783 - INFO - 10.119.34.0/24
2026-09-06 00:34:21,784 - INFO - 10.119.43.0/24
2026-09-06 00:34:21,784 - INFO - 
2026-09-06 00:34:21,784 - INFO - Frontend:
2026-09-06 00:34:21,784 - INFO - http://10.119.43.25:9121
2026-09-06 00:34:21,784 - INFO - 
2026-09-06 00:34:21,784 - INFO - Opening browser...
2026-09-06 00:34:21,784 - INFO - ========================================
2026-09-06 00:34:21,853 - INFO - READY
2026-09-06 00:47:12,345 - INFO - STOP
2026-09-06 00:47:12,901 - INFO - Backend stopped
2026-09-06 00:47:13,460 - INFO - Frontend stopped
2026-09-06 00:47:15,461 - INFO - START
2026-09-06 00:47:15,461 - INFO - ========================================
2026-09-06 00:47:15,462 - INFO -        PRINTER MONITORING SYSTEM
2026-09-06 00:47:15,462 - INFO - ========================================
2026-09-06 00:47:15,462 - INFO - 
2026-09-06 00:47:15,462 - INFO - Checking environment...
2026-09-06 00:47:15,462 - INFO - [OK] Python
2026-09-06 00:47:15,462 - INFO - [OK] Node.js
2026-09-06 00:47:15,462 - INFO - [OK] npm
2026-09-06 00:47:15,462 - INFO - 
2026-09-06 00:47:15,462 - INFO - Selecting ports...
2026-09-06 00:47:19,553 - INFO - [OK] Backend  : 9100
2026-09-06 00:47:19,553 - INFO - [OK] Frontend : 9121
2026-09-06 00:47:19,554 - INFO - 
2026-09-06 00:47:19,555 - INFO - Starting backend...
2026-09-06 00:47:33,481 - INFO - [OK] Backend Ready
2026-09-06 00:47:33,481 - INFO - Starting frontend...
2026-09-06 00:47:35,020 - INFO - [OK] Frontend Ready
2026-09-06 00:47:35,021 - INFO - 
2026-09-06 00:47:35,021 - INFO - ========================================
2026-09-06 00:47:35,021 - INFO - SYSTEM STATUS: RUNNING
2026-09-06 00:47:35,022 - INFO - ========================================
2026-09-06 00:47:35,022 - INFO - 
2026-09-06 00:47:35,022 - INFO - Monitoring Server:
2026-09-06 00:47:35,022 - INFO - 10.119.43.25
2026-09-06 00:47:35,022 - INFO - 
2026-09-06 00:47:35,022 - INFO - Printer Networks:
2026-09-06 00:47:35,022 - INFO - 10.119.34.0/24
2026-09-06 00:47:35,022 - INFO - 10.119.43.0/24
2026-09-06 00:47:35,023 - INFO - 
2026-09-06 00:47:35,023 - INFO - Frontend:
2026-09-06 00:47:35,023 - INFO - http://10.119.43.25:9121
2026-09-06 00:47:35,023 - INFO - 
2026-09-06 00:47:35,023 - INFO - Opening browser...
2026-09-06 00:47:35,023 - INFO - ========================================
2026-09-06 00:47:35,123 - INFO - READY
2026-09-06 01:35:38,748 - INFO - STOP
2026-09-06 01:35:39,297 - INFO - Backend stopped
2026-09-06 01:35:39,793 - INFO - Frontend stopped
2026-09-06 01:35:41,793 - INFO - START
2026-09-06 01:35:41,793 - INFO - ========================================
2026-09-06 01:35:41,794 - INFO -        PRINTER MONITORING SYSTEM
2026-09-06 01:35:41,794 - INFO - ========================================
2026-09-06 01:35:41,794 - INFO - 
2026-09-06 01:35:41,794 - INFO - Checking environment...
2026-09-06 01:35:41,794 - INFO - [OK] Python
2026-09-06 01:35:41,794 - INFO - [OK] Node.js
2026-09-06 01:35:41,794 - INFO - [OK] npm
2026-09-06 01:35:41,794 - INFO - 
2026-09-06 01:35:41,794 - INFO - Selecting ports...
2026-09-06 01:35:45,886 - INFO - [OK] Backend  : 9100
2026-09-06 01:35:45,886 - INFO - [OK] Frontend : 9121
2026-09-06 01:35:45,886 - INFO - 
2026-09-06 01:35:45,887 - INFO - Starting backend...
2026-09-06 01:35:58,728 - INFO - [OK] Backend Ready
2026-09-06 01:35:58,729 - INFO - Starting frontend...
2026-09-06 01:35:59,765 - INFO - [OK] Frontend Ready
2026-09-06 01:35:59,766 - INFO - 
2026-09-06 01:35:59,766 - INFO - ========================================
2026-09-06 01:35:59,766 - INFO - SYSTEM STATUS: RUNNING
2026-09-06 01:35:59,766 - INFO - ========================================
2026-09-06 01:35:59,766 - INFO - 
2026-09-06 01:35:59,766 - INFO - Monitoring Server:
2026-09-06 01:35:59,766 - INFO - 10.119.43.25
2026-09-06 01:35:59,766 - INFO - 
2026-09-06 01:35:59,766 - INFO - Printer Networks:
2026-09-06 01:35:59,767 - INFO - 10.119.34.0/24
2026-09-06 01:35:59,767 - INFO - 10.119.43.0/24
2026-09-06 01:35:59,767 - INFO - 
2026-09-06 01:35:59,767 - INFO - Frontend:
2026-09-06 01:35:59,767 - INFO - http://10.119.43.25:9121
2026-09-06 01:35:59,767 - INFO - 
2026-09-06 01:35:59,767 - INFO - Opening browser...
2026-09-06 01:35:59,767 - INFO - ========================================
2026-09-06 01:35:59,834 - INFO - READY
2026-09-06 01:53:13,308 - INFO - STOP
2026-09-06 01:53:13,868 - INFO - Backend stopped
2026-09-06 01:53:14,399 - INFO - Frontend stopped
2026-09-06 01:53:16,399 - INFO - START
2026-09-06 01:53:16,400 - INFO - ========================================
2026-09-06 01:53:16,400 - INFO -        PRINTER MONITORING SYSTEM
2026-09-06 01:53:16,400 - INFO - ========================================
2026-09-06 01:53:16,400 - INFO - 
2026-09-06 01:53:16,400 - INFO - Checking environment...
2026-09-06 01:53:16,400 - INFO - [OK] Python
2026-09-06 01:53:16,400 - INFO - [OK] Node.js
2026-09-06 01:53:16,400 - INFO - [OK] npm
2026-09-06 01:53:16,400 - INFO - 
2026-09-06 01:53:16,400 - INFO - Selecting ports...
2026-09-06 01:53:20,509 - INFO - [OK] Backend  : 9100
2026-09-06 01:53:20,509 - INFO - [OK] Frontend : 9121
2026-09-06 01:53:20,509 - INFO - 
2026-09-06 01:53:20,510 - INFO - Starting backend...
2026-09-06 01:53:33,397 - INFO - [OK] Backend Ready
2026-09-06 01:53:33,397 - INFO - Starting frontend...
2026-09-06 01:53:34,448 - INFO - [OK] Frontend Ready
2026-09-06 01:53:34,449 - INFO - 
2026-09-06 01:53:34,449 - INFO - ========================================
2026-09-06 01:53:34,449 - INFO - SYSTEM STATUS: RUNNING
2026-09-06 01:53:34,449 - INFO - ========================================
2026-09-06 01:53:34,449 - INFO - 
2026-09-06 01:53:34,449 - INFO - Monitoring Server:
2026-09-06 01:53:34,449 - INFO - 10.119.43.25
2026-09-06 01:53:34,449 - INFO - 
2026-09-06 01:53:34,449 - INFO - Printer Networks:
2026-09-06 01:53:34,449 - INFO - 10.119.34.0/24
2026-09-06 01:53:34,450 - INFO - 10.119.43.0/24
2026-09-06 01:53:34,450 - INFO - 
2026-09-06 01:53:34,450 - INFO - Frontend:
2026-09-06 01:53:34,450 - INFO - http://10.119.43.25:9121
2026-09-06 01:53:34,450 - INFO - 
2026-09-06 01:53:34,450 - INFO - Opening browser...
2026-09-06 01:53:34,450 - INFO - ========================================
2026-09-06 01:53:34,519 - INFO - READY
2026-09-06 02:15:20,613 - INFO - STOP
2026-09-06 02:15:21,187 - INFO - Backend stopped
2026-09-06 02:15:21,709 - INFO - Frontend stopped
2026-09-06 02:15:23,710 - INFO - START
2026-09-06 02:15:23,710 - INFO - ========================================
2026-09-06 02:15:23,710 - INFO -        PRINTER MONITORING SYSTEM
2026-09-06 02:15:23,711 - INFO - ========================================
2026-09-06 02:15:23,711 - INFO - 
2026-09-06 02:15:23,711 - INFO - Checking environment...
2026-09-06 02:15:23,711 - INFO - [OK] Python
2026-09-06 02:15:23,711 - INFO - [OK] Node.js
2026-09-06 02:15:23,711 - INFO - [OK] npm
2026-09-06 02:15:23,711 - INFO - 
2026-09-06 02:15:23,711 - INFO - Selecting ports...
2026-09-06 02:15:27,807 - INFO - [OK] Backend  : 9100
2026-09-06 02:15:27,808 - INFO - [OK] Frontend : 9121
2026-09-06 02:15:27,808 - INFO - 
2026-09-06 02:15:27,810 - INFO - Starting backend...
2026-09-06 02:15:42,178 - INFO - [OK] Backend Ready
2026-09-06 02:15:42,179 - INFO - Starting frontend...
2026-09-06 02:15:43,226 - INFO - [OK] Frontend Ready
2026-09-06 02:15:43,227 - INFO - 
2026-09-06 02:15:43,227 - INFO - ========================================
2026-09-06 02:15:43,227 - INFO - SYSTEM STATUS: RUNNING
2026-09-06 02:15:43,228 - INFO - ========================================
2026-09-06 02:15:43,228 - INFO - 
2026-09-06 02:15:43,228 - INFO - Monitoring Server:
2026-09-06 02:15:43,228 - INFO - 10.119.43.25
2026-09-06 02:15:43,228 - INFO - 
2026-09-06 02:15:43,228 - INFO - Printer Networks:
2026-09-06 02:15:43,228 - INFO - 10.119.34.0/24
2026-09-06 02:15:43,228 - INFO - 10.119.43.0/24
2026-09-06 02:15:43,229 - INFO - 
2026-09-06 02:15:43,229 - INFO - Frontend:
2026-09-06 02:15:43,229 - INFO - http://10.119.43.25:9121
2026-09-06 02:15:43,229 - INFO - 
2026-09-06 02:15:43,229 - INFO - Opening browser...
2026-09-06 02:15:43,229 - INFO - ========================================
2026-09-06 02:15:43,331 - INFO - READY
2026-09-06 02:27:20,000 - INFO - STOP
2026-09-06 02:27:20,528 - INFO - Backend stopped
2026-09-06 02:27:21,003 - INFO - Frontend stopped
2026-09-06 02:27:23,004 - INFO - START
2026-09-06 02:27:23,004 - INFO - ========================================
2026-09-06 02:27:23,004 - INFO -        PRINTER MONITORING SYSTEM
2026-09-06 02:27:23,004 - INFO - ========================================
2026-09-06 02:27:23,004 - INFO - 
2026-09-06 02:27:23,004 - INFO - Checking environment...
2026-09-06 02:27:23,004 - INFO - [OK] Python
2026-09-06 02:27:23,004 - INFO - [OK] Node.js
2026-09-06 02:27:23,004 - INFO - [OK] npm
2026-09-06 02:27:23,004 - INFO - 
2026-09-06 02:27:23,004 - INFO - Selecting ports...
2026-09-06 02:27:27,100 - INFO - [OK] Backend  : 9100
2026-09-06 02:27:27,101 - INFO - [OK] Frontend : 9121
2026-09-06 02:27:27,101 - INFO - 
2026-09-06 02:27:27,102 - INFO - Starting backend...
2026-09-06 02:27:39,873 - INFO - [OK] Backend Ready
2026-09-06 02:27:39,873 - INFO - Starting frontend...
2026-09-06 02:27:40,913 - INFO - [OK] Frontend Ready
2026-09-06 02:27:40,914 - INFO - 
2026-09-06 02:27:40,914 - INFO - ========================================
2026-09-06 02:27:40,914 - INFO - SYSTEM STATUS: RUNNING
2026-09-06 02:27:40,914 - INFO - ========================================
2026-09-06 02:27:40,914 - INFO - 
2026-09-06 02:27:40,915 - INFO - Monitoring Server:
2026-09-06 02:27:40,915 - INFO - 10.119.43.25
2026-09-06 02:27:40,915 - INFO - 
2026-09-06 02:27:40,915 - INFO - Printer Networks:
2026-09-06 02:27:40,915 - INFO - 10.119.34.0/24
2026-09-06 02:27:40,915 - INFO - 10.119.43.0/24
2026-09-06 02:27:40,915 - INFO - 
2026-09-06 02:27:40,915 - INFO - Frontend:
2026-09-06 02:27:40,915 - INFO - http://10.119.43.25:9121
2026-09-06 02:27:40,915 - INFO - 
2026-09-06 02:27:40,915 - INFO - Opening browser...
2026-09-06 02:27:40,915 - INFO - ========================================
2026-09-06 02:27:40,983 - INFO - READY
2026-09-06 22:19:31,313 - INFO - STOP
2026-09-06 22:19:31,887 - INFO - Backend stopped
2026-09-06 22:19:32,376 - INFO - Frontend stopped
2026-09-06 22:19:34,377 - INFO - START
2026-09-06 22:19:34,377 - INFO - ========================================
2026-09-06 22:19:34,377 - INFO -        PRINTER MONITORING SYSTEM
2026-09-06 22:19:34,377 - INFO - ========================================
2026-09-06 22:19:34,377 - INFO - 
2026-09-06 22:19:34,377 - INFO - Checking environment...
2026-09-06 22:19:34,377 - INFO - [OK] Python
2026-09-06 22:19:34,378 - INFO - [OK] Node.js
2026-09-06 22:19:34,378 - INFO - [OK] npm
2026-09-06 22:19:34,378 - INFO - 
2026-09-06 22:19:34,378 - INFO - Selecting ports...
2026-09-06 22:19:38,417 - INFO - [OK] Backend  : 9100
2026-09-06 22:19:38,417 - INFO - [OK] Frontend : 9121
2026-09-06 22:19:38,417 - INFO - 
2026-09-06 22:19:38,418 - INFO - Starting backend...
2026-09-06 22:19:51,417 - INFO - [OK] Backend Ready
2026-09-06 22:19:51,417 - INFO - Starting frontend...
2026-09-06 22:19:52,463 - INFO - [OK] Frontend Ready
2026-09-06 22:19:52,464 - INFO - 
2026-09-06 22:19:52,464 - INFO - ========================================
2026-09-06 22:19:52,464 - INFO - SYSTEM STATUS: RUNNING
2026-09-06 22:19:52,464 - INFO - ========================================
2026-09-06 22:19:52,464 - INFO - 
2026-09-06 22:19:52,465 - INFO - Monitoring Server:
2026-09-06 22:19:52,465 - INFO - 10.119.43.25
2026-09-06 22:19:52,465 - INFO - 
2026-09-06 22:19:52,465 - INFO - Printer Networks:
2026-09-06 22:19:52,465 - INFO - 10.119.34.0/24
2026-09-06 22:19:52,465 - INFO - 10.119.43.0/24
2026-09-06 22:19:52,465 - INFO - 
2026-09-06 22:19:52,465 - INFO - Frontend:
2026-09-06 22:19:52,465 - INFO - http://10.119.43.25:9121
2026-09-06 22:19:52,465 - INFO - 
2026-09-06 22:19:52,465 - INFO - Opening browser...
2026-09-06 22:19:52,466 - INFO - ========================================
2026-09-06 22:19:52,539 - INFO - READY
2026-09-07 08:08:48,692 - INFO - STOP
2026-09-07 08:08:49,317 - INFO - Backend stopped
2026-09-07 08:08:49,972 - INFO - Frontend stopped
2026-09-07 08:08:51,973 - INFO - START
2026-09-07 08:08:51,975 - INFO - ========================================
2026-09-07 08:08:51,977 - INFO -        PRINTER MONITORING SYSTEM
2026-09-07 08:08:51,978 - INFO - ========================================
2026-09-07 08:08:51,979 - INFO - 
2026-09-07 08:08:51,980 - INFO - Checking environment...
2026-09-07 08:08:51,981 - INFO - [OK] Python
2026-09-07 08:08:51,982 - INFO - [OK] Node.js
2026-09-07 08:08:51,983 - INFO - [OK] npm
2026-09-07 08:08:51,984 - INFO - 
2026-09-07 08:08:51,985 - INFO - Selecting ports...
2026-09-07 08:08:56,039 - INFO - [OK] Backend  : 9100
2026-09-07 08:08:56,040 - INFO - [OK] Frontend : 9121
2026-09-07 08:08:56,041 - INFO - 
2026-09-07 08:08:56,045 - INFO - Starting backend...
2026-09-07 08:09:08,798 - INFO - [OK] Backend Ready
2026-09-07 08:09:08,799 - INFO - Starting frontend...
2026-09-07 08:09:09,839 - INFO - [OK] Frontend Ready
2026-09-07 08:09:09,843 - INFO - 
2026-09-07 08:09:09,845 - INFO - ========================================
2026-09-07 08:09:09,845 - INFO - SYSTEM STATUS: RUNNING
2026-09-07 08:09:09,847 - INFO - ========================================
2026-09-07 08:09:09,849 - INFO - 
2026-09-07 08:09:09,850 - INFO - Monitoring Server:
2026-09-07 08:09:09,851 - INFO - 10.119.43.25
2026-09-07 08:09:09,852 - INFO - 
2026-09-07 08:09:09,853 - INFO - Printer Networks:
2026-09-07 08:09:09,855 - INFO - 10.119.34.0/24
2026-09-07 08:09:09,855 - INFO - 10.119.43.0/24
2026-09-07 08:09:09,857 - INFO - 
2026-09-07 08:09:09,857 - INFO - Frontend:
2026-09-07 08:09:09,859 - INFO - http://10.119.43.25:9121
2026-09-07 08:09:09,859 - INFO - 
2026-09-07 08:09:09,861 - INFO - Opening browser...
2026-09-07 08:09:09,861 - INFO - ========================================
2026-09-07 08:09:09,938 - INFO - READY
2026-09-07 08:13:32,727 - INFO - STOP
2026-09-07 08:13:33,377 - INFO - Backend stopped
2026-09-07 08:13:33,965 - INFO - Frontend stopped
2026-09-07 08:13:35,967 - INFO - START
2026-09-07 08:13:35,968 - INFO - ========================================
2026-09-07 08:13:35,970 - INFO -        PRINTER MONITORING SYSTEM
2026-09-07 08:13:35,971 - INFO - ========================================
2026-09-07 08:13:35,973 - INFO - 
2026-09-07 08:13:35,973 - INFO - Checking environment...
2026-09-07 08:13:35,975 - INFO - [OK] Python
2026-09-07 08:13:35,976 - INFO - [OK] Node.js
2026-09-07 08:13:35,978 - INFO - [OK] npm
2026-09-07 08:13:35,979 - INFO - 
2026-09-07 08:13:35,980 - INFO - Selecting ports...
2026-09-07 08:13:40,025 - INFO - [OK] Backend  : 9100
2026-09-07 08:13:40,025 - INFO - [OK] Frontend : 9121
2026-09-07 08:13:40,026 - INFO - 
2026-09-07 08:13:40,029 - INFO - Starting backend...
2026-09-07 08:14:06,222 - INFO - [OK] Backend Ready
2026-09-07 08:14:06,225 - INFO - Starting frontend...
2026-09-07 08:14:07,283 - INFO - [OK] Frontend Ready
2026-09-07 08:14:08,301 - INFO - 
2026-09-07 08:14:08,305 - INFO - ========================================
2026-09-07 08:14:08,307 - INFO - SYSTEM STATUS: RUNNING
2026-09-07 08:14:08,308 - INFO - ========================================
2026-09-07 08:14:08,308 - INFO - 
2026-09-07 08:14:08,308 - INFO - Monitoring Server:
2026-09-07 08:14:08,308 - INFO - 10.119.43.25
2026-09-07 08:14:08,308 - INFO - 
2026-09-07 08:14:08,308 - INFO - Printer Networks:
2026-09-07 08:14:08,311 - INFO - 10.119.34.0/24
2026-09-07 08:14:08,313 - INFO - 10.119.43.0/24
2026-09-07 08:14:08,316 - INFO - 
2026-09-07 08:14:08,319 - INFO - Frontend:
2026-09-07 08:14:08,325 - INFO - http://10.119.43.25:9121
2026-09-07 08:14:08,331 - INFO - 
2026-09-07 08:14:08,337 - INFO - Opening browser...
2026-09-07 08:14:08,343 - INFO - ========================================
2026-09-07 08:14:08,686 - INFO - READY
2026-09-07 08:14:33,611 - INFO - Backend stopped
2026-09-07 08:14:34,220 - INFO - Frontend stopped
2026-09-07 08:14:39,585 - INFO - STOPPED
2026-09-07 08:14:44,666 - INFO - ========================================
2026-09-07 08:14:44,666 - INFO -        PRINTER MONITORING SYSTEM
2026-09-07 08:14:44,666 - INFO - ========================================
2026-09-07 08:14:44,666 - INFO - 
2026-09-07 08:14:44,667 - INFO - Checking environment...
2026-09-07 08:14:44,667 - INFO - [OK] Python
2026-09-07 08:14:44,667 - INFO - [OK] Node.js
2026-09-07 08:14:44,667 - INFO - [OK] npm
2026-09-07 08:14:44,667 - INFO - 
2026-09-07 08:14:44,667 - INFO - Selecting ports...
2026-09-07 08:14:48,705 - INFO - [OK] Backend  : 9100
2026-09-07 08:14:48,705 - INFO - [OK] Frontend : 9121
2026-09-07 08:14:48,706 - INFO - 
2026-09-07 08:14:48,707 - INFO - Starting backend...
2026-09-07 08:15:01,668 - INFO - [OK] Backend Ready
2026-09-07 08:15:01,670 - INFO - Starting frontend...
2026-09-07 08:15:02,710 - INFO - [OK] Frontend Ready
2026-09-07 08:15:02,713 - INFO - 
2026-09-07 08:15:02,713 - INFO - ========================================
2026-09-07 08:15:02,715 - INFO - SYSTEM STATUS: RUNNING
2026-09-07 08:15:02,716 - INFO - ========================================
2026-09-07 08:15:02,717 - INFO - 
2026-09-07 08:15:02,718 - INFO - Monitoring Server:
2026-09-07 08:15:02,719 - INFO - 10.119.43.25
2026-09-07 08:15:02,721 - INFO - 
2026-09-07 08:15:02,722 - INFO - Printer Networks:
2026-09-07 08:15:02,723 - INFO - 10.119.34.0/24
2026-09-07 08:15:02,725 - INFO - 10.119.43.0/24
2026-09-07 08:15:02,727 - INFO - 
2026-09-07 08:15:02,728 - INFO - Frontend:
2026-09-07 08:15:02,730 - INFO - http://10.119.43.25:9121
2026-09-07 08:15:02,731 - INFO - 
2026-09-07 08:15:02,732 - INFO - Opening browser...
2026-09-07 08:15:02,734 - INFO - ========================================
2026-09-07 08:53:32,894 - INFO - STOP
2026-09-07 08:53:33,475 - INFO - Backend stopped
2026-09-07 08:53:34,021 - INFO - Frontend stopped
2026-09-07 08:53:36,022 - INFO - START
2026-09-07 08:53:36,022 - INFO - ========================================
2026-09-07 08:53:36,022 - INFO -        PRINTER MONITORING SYSTEM
2026-09-07 08:53:36,023 - INFO - ========================================
2026-09-07 08:53:36,023 - INFO - 
2026-09-07 08:53:36,023 - INFO - Checking environment...
2026-09-07 08:53:36,023 - INFO - [OK] Python
2026-09-07 08:53:36,023 - INFO - [OK] Node.js
2026-09-07 08:53:36,023 - INFO - [OK] npm
2026-09-07 08:53:36,023 - INFO - 
2026-09-07 08:53:36,023 - INFO - Selecting ports...
2026-09-07 08:53:40,088 - INFO - [OK] Backend  : 9100
2026-09-07 08:53:40,088 - INFO - [OK] Frontend : 9121
2026-09-07 08:53:40,088 - INFO - 
2026-09-07 08:53:40,089 - INFO - Starting backend...
2026-09-07 08:53:58,161 - INFO - [OK] Backend Ready
2026-09-07 08:53:58,162 - INFO - Starting frontend...
2026-09-07 08:53:59,203 - INFO - [OK] Frontend Ready
2026-09-07 08:53:59,205 - INFO - 
2026-09-07 08:53:59,207 - INFO - ========================================
2026-09-07 08:53:59,208 - INFO - SYSTEM STATUS: RUNNING
2026-09-07 08:53:59,209 - INFO - ========================================
2026-09-07 08:53:59,209 - INFO - 
2026-09-07 08:53:59,209 - INFO - Monitoring Server:
2026-09-07 08:53:59,210 - INFO - 10.119.43.25
2026-09-07 08:53:59,211 - INFO - 
2026-09-07 08:53:59,211 - INFO - Printer Networks:
2026-09-07 08:53:59,212 - INFO - 10.119.34.0/24
2026-09-07 08:53:59,213 - INFO - 10.119.43.0/24
2026-09-07 08:53:59,213 - INFO - 
2026-09-07 08:53:59,213 - INFO - Frontend:
2026-09-07 08:53:59,214 - INFO - http://10.119.43.25:9121
2026-09-07 08:53:59,215 - INFO - 
2026-09-07 08:53:59,215 - INFO - Opening browser...
2026-09-07 08:53:59,215 - INFO - ========================================
2026-09-07 08:53:59,288 - INFO - READY
2026-09-07 09:01:44,629 - INFO - STOP
2026-09-07 09:01:45,262 - INFO - Backend stopped
2026-09-07 09:01:45,858 - INFO - Frontend stopped
2026-09-07 09:01:47,860 - INFO - START
2026-09-07 09:01:47,860 - INFO - ========================================
2026-09-07 09:01:47,860 - INFO -        PRINTER MONITORING SYSTEM
2026-09-07 09:01:47,861 - INFO - ========================================
2026-09-07 09:01:47,861 - INFO - 
2026-09-07 09:01:47,861 - INFO - Checking environment...
2026-09-07 09:01:47,861 - INFO - [OK] Python
2026-09-07 09:01:47,861 - INFO - [OK] Node.js
2026-09-07 09:01:47,861 - INFO - [OK] npm
2026-09-07 09:01:47,861 - INFO - 
2026-09-07 09:01:47,862 - INFO - Selecting ports...
2026-09-07 09:01:51,916 - INFO - [OK] Backend  : 9100
2026-09-07 09:01:51,917 - INFO - [OK] Frontend : 9121
2026-09-07 09:01:51,919 - INFO - 
2026-09-07 09:01:51,924 - INFO - Starting backend...
2026-09-07 09:02:10,531 - INFO - [OK] Backend Ready
2026-09-07 09:02:10,533 - INFO - Starting frontend...
2026-09-07 09:02:11,588 - INFO - [OK] Frontend Ready
2026-09-07 09:02:11,593 - INFO - 
2026-09-07 09:02:11,595 - INFO - ========================================
2026-09-07 09:02:11,597 - INFO - SYSTEM STATUS: RUNNING
2026-09-07 09:02:11,601 - INFO - ========================================
2026-09-07 09:02:11,603 - INFO - 
2026-09-07 09:02:11,605 - INFO - Monitoring Server:
2026-09-07 09:02:11,607 - INFO - 10.119.43.25
2026-09-07 09:02:11,609 - INFO - 
2026-09-07 09:02:11,611 - INFO - Printer Networks:
2026-09-07 09:02:11,613 - INFO - 10.119.34.0/24
2026-09-07 09:02:11,614 - INFO - 10.119.43.0/24
2026-09-07 09:02:11,614 - INFO - 
2026-09-07 09:02:11,614 - INFO - Frontend:
2026-09-07 09:02:11,614 - INFO - http://10.119.43.25:9121
2026-09-07 09:02:11,614 - INFO - 
2026-09-07 09:02:11,614 - INFO - Opening browser...
2026-09-07 09:02:11,617 - INFO - ========================================
2026-09-07 09:02:11,919 - INFO - READY
2026-09-07 10:27:02,865 - INFO - ========================================
2026-09-07 10:27:02,866 - INFO -        PRINTER MONITORING SYSTEM
2026-09-07 10:27:02,866 - INFO - ========================================
2026-09-07 10:27:02,866 - INFO - 
2026-09-07 10:27:02,866 - INFO - Checking environment...
2026-09-07 10:27:02,866 - INFO - [OK] Python
2026-09-07 10:27:02,866 - INFO - [OK] Node.js
2026-09-07 10:27:02,866 - INFO - [OK] npm
2026-09-07 10:27:02,866 - INFO - 
2026-09-07 10:27:02,866 - INFO - Selecting ports...
2026-09-07 10:27:06,964 - INFO - [OK] Backend  : 9100
2026-09-07 10:27:06,964 - INFO - [OK] Frontend : 9121
2026-09-07 10:27:06,964 - INFO - 
2026-09-07 10:27:06,966 - INFO - Starting backend...
2026-09-07 10:27:20,422 - INFO - [OK] Backend Ready
2026-09-07 10:27:20,422 - INFO - Starting frontend...
2026-09-07 10:27:21,723 - INFO - [OK] Frontend Ready
2026-09-07 10:27:21,724 - INFO - 
2026-09-07 10:27:21,724 - INFO - ========================================
2026-09-07 10:27:21,724 - INFO - SYSTEM STATUS: RUNNING
2026-09-07 10:27:21,724 - INFO - ========================================
2026-09-07 10:27:21,724 - INFO - 
2026-09-07 10:27:21,724 - INFO - Monitoring Server:
2026-09-07 10:27:21,724 - INFO - 10.119.43.25
2026-09-07 10:27:21,724 - INFO - 
2026-09-07 10:27:21,724 - INFO - Printer Networks:
2026-09-07 10:27:21,725 - INFO - 10.119.34.0/24
2026-09-07 10:27:21,725 - INFO - 10.119.43.0/24
2026-09-07 10:27:21,725 - INFO - 
2026-09-07 10:27:21,725 - INFO - Frontend:
2026-09-07 10:27:21,725 - INFO - http://10.119.43.25:9121
2026-09-07 10:27:21,725 - INFO - 
2026-09-07 10:27:21,725 - INFO - Opening browser...
2026-09-07 10:27:21,725 - INFO - ========================================
2026-09-07 10:34:07,014 - INFO - Backend stopped
2026-09-07 10:34:07,478 - INFO - Frontend stopped
2026-09-07 10:37:40,863 - INFO - ========================================
2026-09-07 10:37:40,864 - INFO -        PRINTER MONITORING SYSTEM
2026-09-07 10:37:40,864 - INFO - ========================================
2026-09-07 10:37:40,864 - INFO - 
2026-09-07 10:37:40,864 - INFO - Checking environment...
2026-09-07 10:37:40,864 - INFO - [OK] Python
2026-09-07 10:37:40,864 - INFO - [OK] Node.js
2026-09-07 10:37:40,865 - INFO - [OK] npm
2026-09-07 10:37:40,865 - INFO - 
2026-09-07 10:37:40,865 - INFO - Selecting ports...
2026-09-07 10:37:44,936 - INFO - [OK] Backend  : 9100
2026-09-07 10:37:44,936 - INFO - [OK] Frontend : 9121
2026-09-07 10:37:44,936 - INFO - 
2026-09-07 10:37:44,938 - INFO - Starting backend...
2026-09-07 10:38:01,543 - INFO - [OK] Backend Ready
2026-09-07 10:38:01,543 - INFO - Starting frontend...
2026-09-07 10:38:02,921 - INFO - [OK] Frontend Ready
2026-09-07 10:38:02,922 - INFO - 
2026-09-07 10:38:02,922 - INFO - ========================================
2026-09-07 10:38:02,922 - INFO - SYSTEM STATUS: RUNNING
2026-09-07 10:38:02,923 - INFO - ========================================
2026-09-07 10:38:02,923 - INFO - 
2026-09-07 10:38:02,923 - INFO - Monitoring Server:
2026-09-07 10:38:02,923 - INFO - 10.119.43.25
2026-09-07 10:38:02,923 - INFO - 
2026-09-07 10:38:02,923 - INFO - Printer Networks:
2026-09-07 10:38:02,923 - INFO - 10.119.34.0/24
2026-09-07 10:38:02,923 - INFO - 10.119.43.0/24
2026-09-07 10:38:02,923 - INFO - 
2026-09-07 10:38:02,923 - INFO - Frontend:
2026-09-07 10:38:02,923 - INFO - http://10.119.43.25:9121
2026-09-07 10:38:02,923 - INFO - 
2026-09-07 10:38:02,923 - INFO - Opening browser...
2026-09-07 10:38:02,924 - INFO - ========================================
2026-09-07 15:33:23,531 - INFO - STOP
2026-09-07 15:33:24,049 - INFO - Backend stopped
2026-09-07 15:33:24,551 - INFO - Frontend stopped
2026-09-07 15:33:26,552 - INFO - START
2026-09-07 15:33:26,552 - INFO - ========================================
2026-09-07 15:33:26,552 - INFO -        PRINTER MONITORING SYSTEM
2026-09-07 15:33:26,552 - INFO - ========================================
2026-09-07 15:33:26,552 - INFO - 
2026-09-07 15:33:26,552 - INFO - Checking environment...
2026-09-07 15:33:26,553 - INFO - [OK] Python
2026-09-07 15:33:26,553 - INFO - [OK] Node.js
2026-09-07 15:33:26,553 - INFO - [OK] npm
2026-09-07 15:33:26,553 - INFO - 
2026-09-07 15:33:26,553 - INFO - Selecting ports...
2026-09-07 15:33:30,638 - INFO - [OK] Backend  : 9100
2026-09-07 15:33:30,638 - INFO - [OK] Frontend : 9121
2026-09-07 15:33:30,638 - INFO - 
2026-09-07 15:33:30,639 - INFO - Starting backend...
2026-09-07 15:33:43,345 - INFO - [OK] Backend Ready
2026-09-07 15:33:43,345 - INFO - Starting frontend...
2026-09-07 15:33:44,391 - INFO - [OK] Frontend Ready
2026-09-07 15:33:44,392 - INFO - 
2026-09-07 15:33:44,392 - INFO - ========================================
2026-09-07 15:33:44,392 - INFO - SYSTEM STATUS: RUNNING
2026-09-07 15:33:44,392 - INFO - ========================================
2026-09-07 15:33:44,392 - INFO - 
2026-09-07 15:33:44,392 - INFO - Monitoring Server:
2026-09-07 15:33:44,392 - INFO - 10.119.43.25
2026-09-07 15:33:44,392 - INFO - 
2026-09-07 15:33:44,393 - INFO - Printer Networks:
2026-09-07 15:33:44,393 - INFO - 10.119.34.0/24
2026-09-07 15:33:44,393 - INFO - 10.119.43.0/24
2026-09-07 15:33:44,393 - INFO - 
2026-09-07 15:33:44,393 - INFO - Frontend:
2026-09-07 15:33:44,393 - INFO - http://10.119.43.25:9121
2026-09-07 15:33:44,393 - INFO - 
2026-09-07 15:33:44,393 - INFO - Opening browser...
2026-09-07 15:33:44,393 - INFO - ========================================
2026-09-07 15:33:44,462 - INFO - READY
2026-09-07 15:43:44,991 - INFO - STOP
2026-09-07 15:43:45,475 - INFO - Backend stopped
2026-09-07 15:43:45,911 - INFO - Frontend stopped
2026-09-07 15:43:47,912 - INFO - START
2026-09-07 15:43:47,913 - INFO - ========================================
2026-09-07 15:43:47,913 - INFO -        PRINTER MONITORING SYSTEM
2026-09-07 15:43:47,913 - INFO - ========================================
2026-09-07 15:43:47,913 - INFO - 
2026-09-07 15:43:47,913 - INFO - Checking environment...
2026-09-07 15:43:47,913 - INFO - [OK] Python
2026-09-07 15:43:47,913 - INFO - [OK] Node.js
2026-09-07 15:43:47,913 - INFO - [OK] npm
2026-09-07 15:43:47,913 - INFO - 
2026-09-07 15:43:47,913 - INFO - Selecting ports...
2026-09-07 15:43:52,001 - INFO - [OK] Backend  : 9100
2026-09-07 15:43:52,001 - INFO - [OK] Frontend : 9121
2026-09-07 15:43:52,002 - INFO - 
2026-09-07 15:43:52,003 - INFO - Starting backend...
2026-09-07 15:44:04,419 - INFO - [OK] Backend Ready
2026-09-07 15:44:04,419 - INFO - Starting frontend...
2026-09-07 15:44:05,476 - INFO - [OK] Frontend Ready
2026-09-07 15:44:05,477 - INFO - 
2026-09-07 15:44:05,477 - INFO - ========================================
2026-09-07 15:44:05,477 - INFO - SYSTEM STATUS: RUNNING
2026-09-07 15:44:05,477 - INFO - ========================================
2026-09-07 15:44:05,478 - INFO - 
2026-09-07 15:44:05,478 - INFO - Monitoring Server:
2026-09-07 15:44:05,478 - INFO - 10.119.43.25
2026-09-07 15:44:05,478 - INFO - 
2026-09-07 15:44:05,478 - INFO - Printer Networks:
2026-09-07 15:44:05,478 - INFO - 10.119.34.0/24
2026-09-07 15:44:05,478 - INFO - 10.119.43.0/24
2026-09-07 15:44:05,478 - INFO - 
2026-09-07 15:44:05,478 - INFO - Frontend:
2026-09-07 15:44:05,478 - INFO - http://10.119.43.25:9121
2026-09-07 15:44:05,478 - INFO - 
2026-09-07 15:44:05,478 - INFO - Opening browser...
2026-09-07 15:44:05,478 - INFO - ========================================
2026-09-07 15:44:05,539 - INFO - READY
2026-09-07 16:58:49,885 - INFO - STOP
2026-09-07 16:58:50,527 - INFO - Backend stopped
2026-09-07 16:58:51,169 - INFO - Frontend stopped
2026-09-07 16:58:53,170 - INFO - START
2026-09-07 16:58:53,171 - INFO - ========================================
2026-09-07 16:58:53,171 - INFO -        PRINTER MONITORING SYSTEM
2026-09-07 16:58:53,171 - INFO - ========================================
2026-09-07 16:58:53,171 - INFO - 
2026-09-07 16:58:53,171 - INFO - Checking environment...
2026-09-07 16:58:53,171 - INFO - [OK] Python
2026-09-07 16:58:53,171 - INFO - [OK] Node.js
2026-09-07 16:58:53,171 - INFO - [OK] npm
2026-09-07 16:58:53,171 - INFO - 
2026-09-07 16:58:53,171 - INFO - Selecting ports...
2026-09-07 16:58:57,262 - INFO - [OK] Backend  : 9100
2026-09-07 16:58:57,262 - INFO - [OK] Frontend : 9121
2026-09-07 16:58:57,262 - INFO - 
2026-09-07 16:58:57,264 - INFO - Starting backend...
2026-09-07 16:59:09,855 - INFO - [OK] Backend Ready
2026-09-07 16:59:09,856 - INFO - Starting frontend...
2026-09-07 16:59:10,904 - INFO - [OK] Frontend Ready
2026-09-07 16:59:10,905 - INFO - 
2026-09-07 16:59:10,906 - INFO - ========================================
2026-09-07 16:59:10,906 - INFO - SYSTEM STATUS: RUNNING
2026-09-07 16:59:10,906 - INFO - ========================================
2026-09-07 16:59:10,906 - INFO - 
2026-09-07 16:59:10,906 - INFO - Monitoring Server:
2026-09-07 16:59:10,906 - INFO - 10.119.43.25
2026-09-07 16:59:10,906 - INFO - 
2026-09-07 16:59:10,906 - INFO - Printer Networks:
2026-09-07 16:59:10,906 - INFO - 10.119.34.0/24
2026-09-07 16:59:10,906 - INFO - 10.119.43.0/24
2026-09-07 16:59:10,906 - INFO - 
2026-09-07 16:59:10,906 - INFO - Frontend:
2026-09-07 16:59:10,906 - INFO - http://10.119.43.25:9121
2026-09-07 16:59:10,907 - INFO - 
2026-09-07 16:59:10,907 - INFO - Opening browser...
2026-09-07 16:59:10,907 - INFO - ========================================
2026-09-07 16:59:10,970 - INFO - READY
2026-09-07 17:08:31,896 - INFO - STOP
2026-09-07 17:08:32,534 - INFO - Backend stopped
2026-09-07 17:08:33,058 - INFO - Frontend stopped
2026-09-07 17:08:35,059 - INFO - START
2026-09-07 17:08:35,059 - INFO - ========================================
2026-09-07 17:08:35,059 - INFO -        PRINTER MONITORING SYSTEM
2026-09-07 17:08:35,059 - INFO - ========================================
2026-09-07 17:08:35,059 - INFO - 
2026-09-07 17:08:35,060 - INFO - Checking environment...
2026-09-07 17:08:35,060 - INFO - [OK] Python
2026-09-07 17:08:35,060 - INFO - [OK] Node.js
2026-09-07 17:08:35,060 - INFO - [OK] npm
2026-09-07 17:08:35,060 - INFO - 
2026-09-07 17:08:35,060 - INFO - Selecting ports...
2026-09-07 17:08:39,148 - INFO - [OK] Backend  : 9100
2026-09-07 17:08:39,148 - INFO - [OK] Frontend : 9121
2026-09-07 17:08:39,148 - INFO - 
2026-09-07 17:08:39,149 - INFO - Starting backend...
2026-09-07 17:08:52,718 - INFO - [OK] Backend Ready
2026-09-07 17:08:52,718 - INFO - Starting frontend...
2026-09-07 17:08:53,760 - INFO - [OK] Frontend Ready
2026-09-07 17:08:53,761 - INFO - 
2026-09-07 17:08:53,761 - INFO - ========================================
2026-09-07 17:08:53,761 - INFO - SYSTEM STATUS: RUNNING
2026-09-07 17:08:53,761 - INFO - ========================================
2026-09-07 17:08:53,761 - INFO - 
2026-09-07 17:08:53,761 - INFO - Monitoring Server:
2026-09-07 17:08:53,761 - INFO - 10.119.43.25
2026-09-07 17:08:53,762 - INFO - 
2026-09-07 17:08:53,762 - INFO - Printer Networks:
2026-09-07 17:08:53,762 - INFO - 10.119.34.0/24
2026-09-07 17:08:53,762 - INFO - 10.119.43.0/24
2026-09-07 17:08:53,762 - INFO - 
2026-09-07 17:08:53,762 - INFO - Frontend:
2026-09-07 17:08:53,762 - INFO - http://10.119.43.25:9121
2026-09-07 17:08:53,762 - INFO - 
2026-09-07 17:08:53,762 - INFO - Opening browser...
2026-09-07 17:08:53,762 - INFO - ========================================
2026-09-07 17:08:53,826 - INFO - READY
2026-09-08 11:48:00,147 - INFO - STOP
2026-09-08 11:48:00,647 - INFO - Backend stopped
2026-09-08 11:48:01,113 - INFO - Frontend stopped
2026-09-08 11:48:03,114 - INFO - START
2026-09-08 11:48:03,114 - INFO - ========================================
2026-09-08 11:48:03,114 - INFO -        PRINTER MONITORING SYSTEM
2026-09-08 11:48:03,114 - INFO - ========================================
2026-09-08 11:48:03,115 - INFO - 
2026-09-08 11:48:03,115 - INFO - Checking environment...
2026-09-08 11:48:03,115 - INFO - [OK] Python
2026-09-08 11:48:03,115 - INFO - [OK] Node.js
2026-09-08 11:48:03,115 - INFO - [OK] npm
2026-09-08 11:48:03,115 - INFO - 
2026-09-08 11:48:03,115 - INFO - Selecting ports...
2026-09-08 11:48:07,204 - INFO - [OK] Backend  : 9100
2026-09-08 11:48:07,204 - INFO - [OK] Frontend : 9121
2026-09-08 11:48:07,204 - INFO - 
2026-09-08 11:48:07,205 - INFO - Starting backend...
2026-09-08 11:48:19,832 - INFO - [OK] Backend Ready
2026-09-08 11:48:19,832 - INFO - Starting frontend...
2026-09-08 11:48:20,880 - INFO - [OK] Frontend Ready
2026-09-08 11:48:20,881 - INFO - 
2026-09-08 11:48:20,881 - INFO - ========================================
2026-09-08 11:48:20,882 - INFO - SYSTEM STATUS: RUNNING
2026-09-08 11:48:20,882 - INFO - ========================================
2026-09-08 11:48:20,882 - INFO - 
2026-09-08 11:48:20,882 - INFO - Monitoring Server:
2026-09-08 11:48:20,882 - INFO - 10.119.43.25
2026-09-08 11:48:20,882 - INFO - 
2026-09-08 11:48:20,882 - INFO - Printer Networks:
2026-09-08 11:48:20,882 - INFO - 10.119.34.0/24
2026-09-08 11:48:20,882 - INFO - 10.119.43.0/24
2026-09-08 11:48:20,882 - INFO - 
2026-09-08 11:48:20,882 - INFO - Frontend:
2026-09-08 11:48:20,882 - INFO - http://10.119.43.25:9121
2026-09-08 11:48:20,882 - INFO - 
2026-09-08 11:48:20,882 - INFO - Opening browser...
2026-09-08 11:48:20,882 - INFO - ========================================
2026-09-08 11:48:20,945 - INFO - READY
2026-09-08 14:34:20,834 - INFO - STOP
2026-09-08 14:34:21,382 - INFO - Backend stopped
2026-09-08 14:34:21,955 - INFO - Frontend stopped
2026-09-08 14:34:23,956 - INFO - START
2026-09-08 14:34:23,956 - INFO - ========================================
2026-09-08 14:34:23,956 - INFO -        PRINTER MONITORING SYSTEM
2026-09-08 14:34:23,956 - INFO - ========================================
2026-09-08 14:34:23,956 - INFO - 
2026-09-08 14:34:23,956 - INFO - Checking environment...
2026-09-08 14:34:23,957 - INFO - [OK] Python
2026-09-08 14:34:23,957 - INFO - [OK] Node.js
2026-09-08 14:34:23,957 - INFO - [OK] npm
2026-09-08 14:34:23,957 - INFO - 
2026-09-08 14:34:23,957 - INFO - Selecting ports...
2026-09-08 14:34:28,038 - INFO - [OK] Backend  : 9100
2026-09-08 14:34:28,038 - INFO - [OK] Frontend : 9121
2026-09-08 14:34:28,038 - INFO - 
2026-09-08 14:34:28,039 - INFO - Starting backend...
2026-09-08 14:34:42,235 - INFO - [OK] Backend Ready
2026-09-08 14:34:42,235 - INFO - Starting frontend...
2026-09-08 14:34:43,303 - INFO - [OK] Frontend Ready
2026-09-08 14:34:43,304 - INFO - 
2026-09-08 14:34:43,304 - INFO - ========================================
2026-09-08 14:34:43,304 - INFO - SYSTEM STATUS: RUNNING
2026-09-08 14:34:43,304 - INFO - ========================================
2026-09-08 14:34:43,304 - INFO - 
2026-09-08 14:34:43,305 - INFO - Monitoring Server:
2026-09-08 14:34:43,305 - INFO - 10.119.43.25
2026-09-08 14:34:43,305 - INFO - 
2026-09-08 14:34:43,305 - INFO - Printer Networks:
2026-09-08 14:34:43,305 - INFO - 10.119.34.0/24
2026-09-08 14:34:43,305 - INFO - 10.119.43.0/24
2026-09-08 14:34:43,305 - INFO - 
2026-09-08 14:34:43,305 - INFO - Frontend:
2026-09-08 14:34:43,305 - INFO - http://10.119.43.25:9121
2026-09-08 14:34:43,305 - INFO - 
2026-09-08 14:34:43,305 - INFO - Opening browser...
2026-09-08 14:34:43,305 - INFO - ========================================
2026-09-08 14:34:43,387 - INFO - READY
2026-09-08 14:58:01,718 - INFO - STOP
2026-09-08 14:58:02,459 - INFO - Backend stopped
2026-09-08 14:58:03,079 - INFO - Frontend stopped
2026-09-08 14:58:05,080 - INFO - START
2026-09-08 14:58:05,080 - INFO - ========================================
2026-09-08 14:58:05,080 - INFO -        PRINTER MONITORING SYSTEM
2026-09-08 14:58:05,080 - INFO - ========================================
2026-09-08 14:58:05,080 - INFO - 
2026-09-08 14:58:05,080 - INFO - Checking environment...
2026-09-08 14:58:05,081 - INFO - [OK] Python
2026-09-08 14:58:05,081 - INFO - [OK] Node.js
2026-09-08 14:58:05,081 - INFO - [OK] npm
2026-09-08 14:58:05,081 - INFO - 
2026-09-08 14:58:05,081 - INFO - Selecting ports...
2026-09-08 14:58:09,172 - INFO - [OK] Backend  : 9100
2026-09-08 14:58:09,172 - INFO - [OK] Frontend : 9121
2026-09-08 14:58:09,172 - INFO - 
2026-09-08 14:58:09,173 - INFO - Starting backend...
2026-09-08 14:58:23,034 - INFO - [OK] Backend Ready
2026-09-08 14:58:23,034 - INFO - Starting frontend...
2026-09-08 14:58:24,078 - INFO - [OK] Frontend Ready
2026-09-08 14:58:24,079 - INFO - 
2026-09-08 14:58:24,079 - INFO - ========================================
2026-09-08 14:58:24,079 - INFO - SYSTEM STATUS: RUNNING
2026-09-08 14:58:24,079 - INFO - ========================================
2026-09-08 14:58:24,079 - INFO - 
2026-09-08 14:58:24,079 - INFO - Monitoring Server:
2026-09-08 14:58:24,080 - INFO - 10.119.43.25
2026-09-08 14:58:24,080 - INFO - 
2026-09-08 14:58:24,080 - INFO - Printer Networks:
2026-09-08 14:58:24,080 - INFO - 10.119.34.0/24
2026-09-08 14:58:24,080 - INFO - 10.119.43.0/24
2026-09-08 14:58:24,080 - INFO - 
2026-09-08 14:58:24,080 - INFO - Frontend:
2026-09-08 14:58:24,080 - INFO - http://10.119.43.25:9121
2026-09-08 14:58:24,080 - INFO - 
2026-09-08 14:58:24,080 - INFO - Opening browser...
2026-09-08 14:58:24,081 - INFO - ========================================
2026-09-08 14:58:24,157 - INFO - READY
2026-09-08 16:15:41,426 - INFO - STOP
2026-09-08 16:15:41,955 - INFO - Backend stopped
2026-09-08 16:15:42,530 - INFO - Frontend stopped
2026-09-08 16:15:44,530 - INFO - START
2026-09-08 16:15:44,531 - INFO - ========================================
2026-09-08 16:15:44,531 - INFO -        PRINTER MONITORING SYSTEM
2026-09-08 16:15:44,531 - INFO - ========================================
2026-09-08 16:15:44,531 - INFO - 
2026-09-08 16:15:44,531 - INFO - Checking environment...
2026-09-08 16:15:44,531 - INFO - [OK] Python
2026-09-08 16:15:44,531 - INFO - [OK] Node.js
2026-09-08 16:15:44,531 - INFO - [OK] npm
2026-09-08 16:15:44,532 - INFO - 
2026-09-08 16:15:44,532 - INFO - Selecting ports...
2026-09-08 16:15:48,625 - INFO - [OK] Backend  : 9100
2026-09-08 16:15:48,625 - INFO - [OK] Frontend : 9121
2026-09-08 16:15:48,625 - INFO - 
2026-09-08 16:15:48,626 - INFO - Starting backend...
2026-09-08 16:16:02,123 - INFO - [OK] Backend Ready
2026-09-08 16:16:02,123 - INFO - Starting frontend...
2026-09-08 16:16:03,174 - INFO - [OK] Frontend Ready
2026-09-08 16:16:03,175 - INFO - 
2026-09-08 16:16:03,175 - INFO - ========================================
2026-09-08 16:16:03,176 - INFO - SYSTEM STATUS: RUNNING
2026-09-08 16:16:03,176 - INFO - ========================================
2026-09-08 16:16:03,176 - INFO - 
2026-09-08 16:16:03,176 - INFO - Monitoring Server:
2026-09-08 16:16:03,176 - INFO - 10.119.43.25
2026-09-08 16:16:03,176 - INFO - 
2026-09-08 16:16:03,176 - INFO - Printer Networks:
2026-09-08 16:16:03,176 - INFO - 10.119.34.0/24
2026-09-08 16:16:03,177 - INFO - 10.119.43.0/24
2026-09-08 16:16:03,177 - INFO - 
2026-09-08 16:16:03,177 - INFO - Frontend:
2026-09-08 16:16:03,177 - INFO - http://10.119.43.25:9121
2026-09-08 16:16:03,177 - INFO - 
2026-09-08 16:16:03,177 - INFO - Opening browser...
2026-09-08 16:16:03,177 - INFO - ========================================
2026-09-08 16:16:03,268 - INFO - READY
2026-09-08 17:10:36,547 - INFO - STOP
2026-09-08 17:10:37,246 - INFO - Backend stopped
2026-09-08 17:10:37,848 - INFO - Frontend stopped
2026-09-08 17:10:39,849 - INFO - START
2026-09-08 17:10:39,849 - INFO - ========================================
2026-09-08 17:10:39,849 - INFO -        PRINTER MONITORING SYSTEM
2026-09-08 17:10:39,850 - INFO - ========================================
2026-09-08 17:10:39,850 - INFO - 
2026-09-08 17:10:39,850 - INFO - Checking environment...
2026-09-08 17:10:39,850 - INFO - [OK] Python
2026-09-08 17:10:39,850 - INFO - [OK] Node.js
2026-09-08 17:10:39,850 - INFO - [OK] npm
2026-09-08 17:10:39,850 - INFO - 
2026-09-08 17:10:39,850 - INFO - Selecting ports...
2026-09-08 17:10:43,954 - INFO - [OK] Backend  : 9100
2026-09-08 17:10:43,954 - INFO - [OK] Frontend : 9121
2026-09-08 17:10:43,954 - INFO - 
2026-09-08 17:10:43,955 - INFO - Starting backend...
2026-09-08 17:10:57,847 - INFO - [OK] Backend Ready
2026-09-08 17:10:57,847 - INFO - Starting frontend...
2026-09-08 17:10:58,892 - INFO - [OK] Frontend Ready
2026-09-08 17:10:58,893 - INFO - 
2026-09-08 17:10:58,893 - INFO - ========================================
2026-09-08 17:10:58,893 - INFO - SYSTEM STATUS: RUNNING
2026-09-08 17:10:58,893 - INFO - ========================================
2026-09-08 17:10:58,893 - INFO - 
2026-09-08 17:10:58,893 - INFO - Monitoring Server:
2026-09-08 17:10:58,893 - INFO - 10.119.43.25
2026-09-08 17:10:58,893 - INFO - 
2026-09-08 17:10:58,893 - INFO - Printer Networks:
2026-09-08 17:10:58,893 - INFO - 10.119.34.0/24
2026-09-08 17:10:58,893 - INFO - 10.119.43.0/24
2026-09-08 17:10:58,893 - INFO - 
2026-09-08 17:10:58,894 - INFO - Frontend:
2026-09-08 17:10:58,894 - INFO - http://10.119.43.25:9121
2026-09-08 17:10:58,894 - INFO - 
2026-09-08 17:10:58,894 - INFO - Opening browser...
2026-09-08 17:10:58,894 - INFO - ========================================
2026-09-08 17:10:58,965 - INFO - READY
2026-09-09 08:42:37,140 - INFO - STOP
2026-09-09 08:42:37,771 - INFO - Backend stopped
2026-09-09 08:42:38,319 - INFO - Frontend stopped
2026-09-09 08:42:40,320 - INFO - START
2026-09-09 08:42:40,320 - INFO - ========================================
2026-09-09 08:42:40,320 - INFO -        PRINTER MONITORING SYSTEM
2026-09-09 08:42:40,320 - INFO - ========================================
2026-09-09 08:42:40,320 - INFO - 
2026-09-09 08:42:40,320 - INFO - Checking environment...
2026-09-09 08:42:40,320 - INFO - [OK] Python
2026-09-09 08:42:40,321 - INFO - [OK] Node.js
2026-09-09 08:42:40,321 - INFO - [OK] npm
2026-09-09 08:42:40,321 - INFO - 
2026-09-09 08:42:40,321 - INFO - Selecting ports...
2026-09-09 08:42:44,414 - INFO - [OK] Backend  : 9100
2026-09-09 08:42:44,414 - INFO - [OK] Frontend : 9121
2026-09-09 08:42:44,414 - INFO - 
2026-09-09 08:42:44,415 - INFO - Starting backend...
2026-09-09 08:42:57,216 - INFO - [OK] Backend Ready
2026-09-09 08:42:57,216 - INFO - Starting frontend...
2026-09-09 08:42:58,255 - INFO - [OK] Frontend Ready
2026-09-09 08:42:58,257 - INFO - 
2026-09-09 08:42:58,257 - INFO - ========================================
2026-09-09 08:42:58,257 - INFO - SYSTEM STATUS: RUNNING
2026-09-09 08:42:58,257 - INFO - ========================================
2026-09-09 08:42:58,257 - INFO - 
2026-09-09 08:42:58,257 - INFO - Monitoring Server:
2026-09-09 08:42:58,257 - INFO - 10.119.43.25
2026-09-09 08:42:58,257 - INFO - 
2026-09-09 08:42:58,257 - INFO - Printer Networks:
2026-09-09 08:42:58,257 - INFO - 10.119.34.0/24
2026-09-09 08:42:58,258 - INFO - 10.119.43.0/24
2026-09-09 08:42:58,258 - INFO - 
2026-09-09 08:42:58,258 - INFO - Frontend:
2026-09-09 08:42:58,258 - INFO - http://10.119.43.25:9121
2026-09-09 08:42:58,258 - INFO - 
2026-09-09 08:42:58,258 - INFO - Opening browser...
2026-09-09 08:42:58,258 - INFO - ========================================
2026-09-09 08:42:58,328 - INFO - READY
2026-09-09 13:13:32,219 - INFO - STOP
2026-09-09 13:13:32,934 - INFO - Backend stopped
2026-09-09 13:13:33,630 - INFO - Frontend stopped
2026-09-09 13:13:35,631 - INFO - START
2026-09-09 13:13:35,632 - INFO - ========================================
2026-09-09 13:13:35,632 - INFO -        PRINTER MONITORING SYSTEM
2026-09-09 13:13:35,632 - INFO - ========================================
2026-09-09 13:13:35,632 - INFO - 
2026-09-09 13:13:35,632 - INFO - Checking environment...
2026-09-09 13:13:35,632 - INFO - [OK] Python
2026-09-09 13:13:35,632 - INFO - [OK] Node.js
2026-09-09 13:13:35,632 - INFO - [OK] npm
2026-09-09 13:13:35,632 - INFO - 
2026-09-09 13:13:35,633 - INFO - Selecting ports...
2026-09-09 13:13:39,710 - INFO - [OK] Backend  : 9100
2026-09-09 13:13:39,710 - INFO - [OK] Frontend : 9121
2026-09-09 13:13:39,710 - INFO - 
2026-09-09 13:13:39,711 - INFO - Starting backend...
2026-09-09 13:13:55,318 - INFO - [OK] Backend Ready
2026-09-09 13:13:55,318 - INFO - Starting frontend...
2026-09-09 13:13:56,363 - INFO - [OK] Frontend Ready
2026-09-09 13:13:56,364 - INFO - 
2026-09-09 13:13:56,364 - INFO - ========================================
2026-09-09 13:13:56,364 - INFO - SYSTEM STATUS: RUNNING
2026-09-09 13:13:56,364 - INFO - ========================================
2026-09-09 13:13:56,364 - INFO - 
2026-09-09 13:13:56,364 - INFO - Monitoring Server:
2026-09-09 13:13:56,364 - INFO - 10.119.43.25
2026-09-09 13:13:56,365 - INFO - 
2026-09-09 13:13:56,365 - INFO - Printer Networks:
2026-09-09 13:13:56,365 - INFO - 10.119.34.0/24
2026-09-09 13:13:56,365 - INFO - 10.119.43.0/24
2026-09-09 13:13:56,365 - INFO - 
2026-09-09 13:13:56,365 - INFO - Frontend:
2026-09-09 13:13:56,365 - INFO - http://10.119.43.25:9121
2026-09-09 13:13:56,365 - INFO - 
2026-09-09 13:13:56,365 - INFO - Opening browser...
2026-09-09 13:13:56,365 - INFO - ========================================
2026-09-09 13:13:56,442 - INFO - READY
2026-09-09 13:25:51,805 - INFO - STOP
2026-09-09 13:25:52,353 - INFO - Backend stopped
2026-09-09 13:25:52,886 - INFO - Frontend stopped
2026-09-09 13:25:54,886 - INFO - START
2026-09-09 13:25:54,886 - INFO - ========================================
2026-09-09 13:25:54,887 - INFO -        PRINTER MONITORING SYSTEM
2026-09-09 13:25:54,887 - INFO - ========================================
2026-09-09 13:25:54,887 - INFO - 
2026-09-09 13:25:54,887 - INFO - Checking environment...
2026-09-09 13:25:54,887 - INFO - [OK] Python
2026-09-09 13:25:54,887 - INFO - [OK] Node.js
2026-09-09 13:25:54,887 - INFO - [OK] npm
2026-09-09 13:25:54,887 - INFO - 
2026-09-09 13:25:54,887 - INFO - Selecting ports...
2026-09-09 13:25:58,980 - INFO - [OK] Backend  : 9100
2026-09-09 13:25:58,980 - INFO - [OK] Frontend : 9121
2026-09-09 13:25:58,980 - INFO - 
2026-09-09 13:25:58,982 - INFO - Starting backend...
2026-09-09 13:26:11,372 - INFO - [OK] Backend Ready
2026-09-09 13:26:11,372 - INFO - Starting frontend...
2026-09-09 13:26:12,413 - INFO - [OK] Frontend Ready
2026-09-09 13:26:12,415 - INFO - 
2026-09-09 13:26:12,415 - INFO - ========================================
2026-09-09 13:26:12,415 - INFO - SYSTEM STATUS: RUNNING
2026-09-09 13:26:12,415 - INFO - ========================================
2026-09-09 13:26:12,415 - INFO - 
2026-09-09 13:26:12,415 - INFO - Monitoring Server:
2026-09-09 13:26:12,415 - INFO - 10.119.43.25
2026-09-09 13:26:12,415 - INFO - 
2026-09-09 13:26:12,415 - INFO - Printer Networks:
2026-09-09 13:26:12,415 - INFO - 10.119.34.0/24
2026-09-09 13:26:12,415 - INFO - 10.119.43.0/24
2026-09-09 13:26:12,415 - INFO - 
2026-09-09 13:26:12,415 - INFO - Frontend:
2026-09-09 13:26:12,415 - INFO - http://10.119.43.25:9121
2026-09-09 13:26:12,416 - INFO - 
2026-09-09 13:26:12,416 - INFO - Opening browser...
2026-09-09 13:26:12,416 - INFO - ========================================
2026-09-09 13:26:12,478 - INFO - READY
2026-09-09 13:52:00,868 - INFO - STOP
2026-09-09 13:52:01,559 - INFO - Backend stopped
2026-09-09 13:52:02,214 - INFO - Frontend stopped
2026-09-09 13:52:04,215 - INFO - START
2026-09-09 13:52:04,216 - INFO - ========================================
2026-09-09 13:52:04,216 - INFO -        PRINTER MONITORING SYSTEM
2026-09-09 13:52:04,216 - INFO - ========================================
2026-09-09 13:52:04,216 - INFO - 
2026-09-09 13:52:04,216 - INFO - Checking environment...
2026-09-09 13:52:04,216 - INFO - [OK] Python
2026-09-09 13:52:04,216 - INFO - [OK] Node.js
2026-09-09 13:52:04,216 - INFO - [OK] npm
2026-09-09 13:52:04,216 - INFO - 
2026-09-09 13:52:04,217 - INFO - Selecting ports...
2026-09-09 13:52:08,315 - INFO - [OK] Backend  : 9100
2026-09-09 13:52:08,315 - INFO - [OK] Frontend : 9121
2026-09-09 13:52:08,315 - INFO - 
2026-09-09 13:52:08,316 - INFO - Starting backend...
2026-09-09 13:52:21,183 - INFO - [OK] Backend Ready
2026-09-09 13:52:21,183 - INFO - Starting frontend...
2026-09-09 13:52:22,232 - INFO - [OK] Frontend Ready
2026-09-09 13:52:22,234 - INFO - 
2026-09-09 13:52:22,234 - INFO - ========================================
2026-09-09 13:52:22,234 - INFO - SYSTEM STATUS: RUNNING
2026-09-09 13:52:22,234 - INFO - ========================================
2026-09-09 13:52:22,234 - INFO - 
2026-09-09 13:52:22,234 - INFO - Monitoring Server:
2026-09-09 13:52:22,234 - INFO - 10.119.43.25
2026-09-09 13:52:22,234 - INFO - 
2026-09-09 13:52:22,234 - INFO - Printer Networks:
2026-09-09 13:52:22,234 - INFO - 10.119.34.0/24
2026-09-09 13:52:22,235 - INFO - 10.119.43.0/24
2026-09-09 13:52:22,235 - INFO - 
2026-09-09 13:52:22,235 - INFO - Frontend:
2026-09-09 13:52:22,235 - INFO - http://10.119.43.25:9121
2026-09-09 13:52:22,235 - INFO - 
2026-09-09 13:52:22,235 - INFO - Opening browser...
2026-09-09 13:52:22,235 - INFO - ========================================
2026-09-09 13:52:22,304 - INFO - READY
2026-09-09 14:04:01,842 - INFO - STOP
2026-09-09 14:04:02,604 - INFO - Backend stopped
2026-09-09 14:04:03,250 - INFO - Frontend stopped
2026-09-09 14:04:05,251 - INFO - START
2026-09-09 14:04:05,251 - INFO - ========================================
2026-09-09 14:04:05,251 - INFO -        PRINTER MONITORING SYSTEM
2026-09-09 14:04:05,251 - INFO - ========================================
2026-09-09 14:04:05,251 - INFO - 
2026-09-09 14:04:05,251 - INFO - Checking environment...
2026-09-09 14:04:05,251 - INFO - [OK] Python
2026-09-09 14:04:05,251 - INFO - [OK] Node.js
2026-09-09 14:04:05,251 - INFO - [OK] npm
2026-09-09 14:04:05,251 - INFO - 
2026-09-09 14:04:05,251 - INFO - Selecting ports...
2026-09-09 14:04:09,342 - INFO - [OK] Backend  : 9100
2026-09-09 14:04:09,342 - INFO - [OK] Frontend : 9121
2026-09-09 14:04:09,342 - INFO - 
2026-09-09 14:04:09,344 - INFO - Starting backend...
2026-09-09 14:04:23,378 - INFO - [OK] Backend Ready
2026-09-09 14:04:23,379 - INFO - Starting frontend...
2026-09-09 14:04:24,423 - INFO - [OK] Frontend Ready
2026-09-09 14:04:24,424 - INFO - 
2026-09-09 14:04:24,424 - INFO - ========================================
2026-09-09 14:04:24,424 - INFO - SYSTEM STATUS: RUNNING
2026-09-09 14:04:24,424 - INFO - ========================================
2026-09-09 14:04:24,424 - INFO - 
2026-09-09 14:04:24,425 - INFO - Monitoring Server:
2026-09-09 14:04:24,425 - INFO - 10.119.43.25
2026-09-09 14:04:24,425 - INFO - 
2026-09-09 14:04:24,425 - INFO - Printer Networks:
2026-09-09 14:04:24,425 - INFO - 10.119.34.0/24
2026-09-09 14:04:24,425 - INFO - 10.119.43.0/24
2026-09-09 14:04:24,425 - INFO - 
2026-09-09 14:04:24,425 - INFO - Frontend:
2026-09-09 14:04:24,425 - INFO - http://10.119.43.25:9121
2026-09-09 14:04:24,426 - INFO - 
2026-09-09 14:04:24,426 - INFO - Opening browser...
2026-09-09 14:04:24,426 - INFO - ========================================
2026-09-09 14:04:24,501 - INFO - READY
2026-09-09 14:06:49,246 - INFO - STOP
2026-09-09 14:06:49,958 - INFO - Backend stopped
2026-09-09 14:06:50,629 - INFO - Frontend stopped
2026-09-09 14:06:52,630 - INFO - START
2026-09-09 14:06:52,631 - INFO - ========================================
2026-09-09 14:06:52,631 - INFO -        PRINTER MONITORING SYSTEM
2026-09-09 14:06:52,631 - INFO - ========================================
2026-09-09 14:06:52,631 - INFO - 
2026-09-09 14:06:52,631 - INFO - Checking environment...
2026-09-09 14:06:52,631 - INFO - [OK] Python
2026-09-09 14:06:52,631 - INFO - [OK] Node.js
2026-09-09 14:06:52,631 - INFO - [OK] npm
2026-09-09 14:06:52,631 - INFO - 
2026-09-09 14:06:52,631 - INFO - Selecting ports...
2026-09-09 14:06:56,724 - INFO - [OK] Backend  : 9100
2026-09-09 14:06:56,724 - INFO - [OK] Frontend : 9121
2026-09-09 14:06:56,725 - INFO - 
2026-09-09 14:06:56,726 - INFO - Starting backend...
2026-09-09 14:07:10,755 - INFO - [OK] Backend Ready
2026-09-09 14:07:10,756 - INFO - Starting frontend...
2026-09-09 14:07:11,803 - INFO - [OK] Frontend Ready
2026-09-09 14:07:11,805 - INFO - 
2026-09-09 14:07:11,805 - INFO - ========================================
2026-09-09 14:07:11,805 - INFO - SYSTEM STATUS: RUNNING
2026-09-09 14:07:11,805 - INFO - ========================================
2026-09-09 14:07:11,805 - INFO - 
2026-09-09 14:07:11,805 - INFO - Monitoring Server:
2026-09-09 14:07:11,805 - INFO - 10.119.43.25
2026-09-09 14:07:11,806 - INFO - 
2026-09-09 14:07:11,806 - INFO - Printer Networks:
2026-09-09 14:07:11,806 - INFO - 10.119.34.0/24
2026-09-09 14:07:11,806 - INFO - 10.119.43.0/24
2026-09-09 14:07:11,806 - INFO - 
2026-09-09 14:07:11,806 - INFO - Frontend:
2026-09-09 14:07:11,806 - INFO - http://10.119.43.25:9121
2026-09-09 14:07:11,806 - INFO - 
2026-09-09 14:07:11,806 - INFO - Opening browser...
2026-09-09 14:07:11,806 - INFO - ========================================
2026-09-09 14:07:11,884 - INFO - READY
2026-09-09 14:13:17,421 - INFO - STOP
2026-09-09 14:13:18,075 - INFO - Backend stopped
2026-09-09 14:13:18,711 - INFO - Frontend stopped
2026-09-09 14:13:20,712 - INFO - START
2026-09-09 14:13:20,712 - INFO - ========================================
2026-09-09 14:13:20,712 - INFO -        PRINTER MONITORING SYSTEM
2026-09-09 14:13:20,712 - INFO - ========================================
2026-09-09 14:13:20,712 - INFO - 
2026-09-09 14:13:20,712 - INFO - Checking environment...
2026-09-09 14:13:20,712 - INFO - [OK] Python
2026-09-09 14:13:20,712 - INFO - [OK] Node.js
2026-09-09 14:13:20,712 - INFO - [OK] npm
2026-09-09 14:13:20,713 - INFO - 
2026-09-09 14:13:20,713 - INFO - Selecting ports...
2026-09-09 14:13:24,804 - INFO - [OK] Backend  : 9100
2026-09-09 14:13:24,804 - INFO - [OK] Frontend : 9121
2026-09-09 14:13:24,804 - INFO - 
2026-09-09 14:13:24,806 - INFO - Starting backend...
2026-09-09 14:13:40,463 - INFO - [OK] Backend Ready
2026-09-09 14:13:40,463 - INFO - Starting frontend...
2026-09-09 14:13:41,506 - INFO - [OK] Frontend Ready
2026-09-09 14:13:41,508 - INFO - 
2026-09-09 14:13:41,508 - INFO - ========================================
2026-09-09 14:13:41,508 - INFO - SYSTEM STATUS: RUNNING
2026-09-09 14:13:41,508 - INFO - ========================================
2026-09-09 14:13:41,508 - INFO - 
2026-09-09 14:13:41,508 - INFO - Monitoring Server:
2026-09-09 14:13:41,509 - INFO - 10.119.43.25
2026-09-09 14:13:41,509 - INFO - 
2026-09-09 14:13:41,509 - INFO - Printer Networks:
2026-09-09 14:13:41,509 - INFO - 10.119.34.0/24
2026-09-09 14:13:41,509 - INFO - 10.119.43.0/24
2026-09-09 14:13:41,509 - INFO - 
2026-09-09 14:13:41,509 - INFO - Frontend:
2026-09-09 14:13:41,509 - INFO - http://10.119.43.25:9121
2026-09-09 14:13:41,509 - INFO - 
2026-09-09 14:13:41,510 - INFO - Opening browser...
2026-09-09 14:13:41,510 - INFO - ========================================
2026-09-09 14:13:41,622 - INFO - READY
2026-09-09 15:18:05,963 - INFO - STOP
2026-09-09 15:18:06,591 - INFO - Backend stopped
2026-09-09 15:18:07,157 - INFO - Frontend stopped
2026-09-09 15:18:09,158 - INFO - START
2026-09-09 15:18:09,158 - INFO - ========================================
2026-09-09 15:18:09,158 - INFO -        PRINTER MONITORING SYSTEM
2026-09-09 15:18:09,158 - INFO - ========================================
2026-09-09 15:18:09,158 - INFO - 
2026-09-09 15:18:09,158 - INFO - Checking environment...
2026-09-09 15:18:09,158 - INFO - [OK] Python
2026-09-09 15:18:09,159 - INFO - [OK] Node.js
2026-09-09 15:18:09,159 - INFO - [OK] npm
2026-09-09 15:18:09,159 - INFO - 
2026-09-09 15:18:09,159 - INFO - Selecting ports...
2026-09-09 15:18:13,247 - INFO - [OK] Backend  : 9100
2026-09-09 15:18:13,248 - INFO - [OK] Frontend : 9121
2026-09-09 15:18:13,248 - INFO - 
2026-09-09 15:18:13,249 - INFO - Starting backend...
2026-09-09 15:18:27,301 - INFO - [OK] Backend Ready
2026-09-09 15:18:27,302 - INFO - Starting frontend...
2026-09-09 15:18:28,493 - INFO - [OK] Frontend Ready
2026-09-09 15:18:28,494 - INFO - 
2026-09-09 15:18:28,494 - INFO - ========================================
2026-09-09 15:18:28,494 - INFO - SYSTEM STATUS: RUNNING
2026-09-09 15:18:28,494 - INFO - ========================================
2026-09-09 15:18:28,494 - INFO - 
2026-09-09 15:18:28,494 - INFO - Monitoring Server:
2026-09-09 15:18:28,494 - INFO - 10.119.43.25
2026-09-09 15:18:28,494 - INFO - 
2026-09-09 15:18:28,495 - INFO - Printer Networks:
2026-09-09 15:18:28,495 - INFO - 10.119.34.0/24
2026-09-09 15:18:28,495 - INFO - 10.119.43.0/24
2026-09-09 15:18:28,495 - INFO - 
2026-09-09 15:18:28,495 - INFO - Frontend:
2026-09-09 15:18:28,495 - INFO - http://10.119.43.25:9121
2026-09-09 15:18:28,495 - INFO - 
2026-09-09 15:18:28,495 - INFO - Opening browser...
2026-09-09 15:18:28,495 - INFO - ========================================
2026-09-09 15:18:28,571 - INFO - READY
2026-09-11 09:31:40,602 - INFO - STOP
2026-09-11 09:31:41,134 - INFO - Backend stopped
2026-09-11 09:31:41,632 - INFO - Frontend stopped
2026-09-11 09:31:43,633 - INFO - START
2026-09-11 09:31:43,633 - INFO - ========================================
2026-09-11 09:31:43,633 - INFO -        PRINTER MONITORING SYSTEM
2026-09-11 09:31:43,633 - INFO - ========================================
2026-09-11 09:31:43,633 - INFO - 
2026-09-11 09:31:43,633 - INFO - Checking environment...
2026-09-11 09:31:43,633 - INFO - [OK] Python
2026-09-11 09:31:43,633 - INFO - [OK] Node.js
2026-09-11 09:31:43,633 - INFO - [OK] npm
2026-09-11 09:31:43,633 - INFO - 
2026-09-11 09:31:43,633 - INFO - Selecting ports...
2026-09-11 09:31:47,724 - INFO - [OK] Backend  : 9100
2026-09-11 09:31:47,724 - INFO - [OK] Frontend : 9121
2026-09-11 09:31:47,725 - INFO - 
2026-09-11 09:31:47,726 - INFO - Starting backend...
2026-09-11 09:32:00,493 - INFO - [OK] Backend Ready
2026-09-11 09:32:00,493 - INFO - Starting frontend...
2026-09-11 09:32:01,547 - INFO - [OK] Frontend Ready
2026-09-11 09:32:01,548 - INFO - 
2026-09-11 09:32:01,548 - INFO - ========================================
2026-09-11 09:32:01,548 - INFO - SYSTEM STATUS: RUNNING
2026-09-11 09:32:01,548 - INFO - ========================================
2026-09-11 09:32:01,548 - INFO - 
2026-09-11 09:32:01,548 - INFO - Monitoring Server:
2026-09-11 09:32:01,548 - INFO - 10.119.43.25
2026-09-11 09:32:01,548 - INFO - 
2026-09-11 09:32:01,548 - INFO - Printer Networks:
2026-09-11 09:32:01,548 - INFO - 10.119.34.0/24
2026-09-11 09:32:01,548 - INFO - 10.119.43.0/24
2026-09-11 09:32:01,549 - INFO - 
2026-09-11 09:32:01,549 - INFO - Frontend:
2026-09-11 09:32:01,549 - INFO - http://10.119.43.25:9121
2026-09-11 09:32:01,549 - INFO - 
2026-09-11 09:32:01,549 - INFO - Opening browser...
2026-09-11 09:32:01,549 - INFO - ========================================
2026-09-11 09:32:01,617 - INFO - READY
2026-09-11 10:54:25,085 - INFO - RUNNING
2026-09-11 10:54:25,085 - INFO - Frontend URL: http://10.119.43.25:9121
2026-09-11 10:54:43,446 - INFO - STOP
2026-09-11 10:54:44,107 - INFO - Backend stopped
2026-09-11 10:54:44,743 - INFO - Frontend stopped
2026-09-11 10:54:46,744 - INFO - START
2026-09-11 10:54:46,744 - INFO - ========================================
2026-09-11 10:54:46,744 - INFO -        PRINTER MONITORING SYSTEM
2026-09-11 10:54:46,744 - INFO - ========================================
2026-09-11 10:54:46,745 - INFO - 
2026-09-11 10:54:46,745 - INFO - Checking environment...
2026-09-11 10:54:46,745 - INFO - [OK] Python
2026-09-11 10:54:46,745 - INFO - [OK] Node.js
2026-09-11 10:54:46,745 - INFO - [OK] npm
2026-09-11 10:54:46,745 - INFO - 
2026-09-11 10:54:46,745 - INFO - Selecting ports...
2026-09-11 10:54:50,829 - INFO - [OK] Backend  : 9100
2026-09-11 10:54:50,829 - INFO - [OK] Frontend : 9121
2026-09-11 10:54:50,829 - INFO - 
2026-09-11 10:54:50,830 - INFO - Starting backend...
2026-09-11 10:55:03,811 - INFO - [OK] Backend Ready
2026-09-11 10:55:03,811 - INFO - Starting frontend...
2026-09-11 10:55:04,854 - INFO - [OK] Frontend Ready
2026-09-11 10:55:04,855 - INFO - 
2026-09-11 10:55:04,855 - INFO - ========================================
2026-09-11 10:55:04,855 - INFO - SYSTEM STATUS: RUNNING
2026-09-11 10:55:04,855 - INFO - ========================================
2026-09-11 10:55:04,855 - INFO - 
2026-09-11 10:55:04,855 - INFO - Monitoring Server:
2026-09-11 10:55:04,855 - INFO - 10.119.43.25
2026-09-11 10:55:04,855 - INFO - 
2026-09-11 10:55:04,855 - INFO - Printer Networks:
2026-09-11 10:55:04,855 - INFO - 10.119.34.0/24
2026-09-11 10:55:04,855 - INFO - 10.119.43.0/24
2026-09-11 10:55:04,855 - INFO - 
2026-09-11 10:55:04,855 - INFO - Frontend:
2026-09-11 10:55:04,855 - INFO - http://10.119.43.25:9121
2026-09-11 10:55:04,855 - INFO - 
2026-09-11 10:55:04,856 - INFO - Opening browser...
2026-09-11 10:55:04,856 - INFO - ========================================
2026-09-11 10:55:04,922 - INFO - READY
2026-09-11 23:08:23,028 - INFO - STOP
2026-09-11 23:08:23,769 - INFO - Backend stopped
2026-09-11 23:08:24,518 - INFO - Frontend stopped
2026-09-11 23:08:26,519 - INFO - START
2026-09-11 23:08:26,519 - INFO - ========================================
2026-09-11 23:08:26,519 - INFO -        PRINTER MONITORING SYSTEM
2026-09-11 23:08:26,519 - INFO - ========================================
2026-09-11 23:08:26,519 - INFO - 
2026-09-11 23:08:26,519 - INFO - Checking environment...
2026-09-11 23:08:26,519 - INFO - [OK] Python
2026-09-11 23:08:26,519 - INFO - [OK] Node.js
2026-09-11 23:08:26,519 - INFO - [OK] npm
2026-09-11 23:08:26,519 - INFO - 
2026-09-11 23:08:26,519 - INFO - Selecting ports...
2026-09-11 23:08:30,614 - INFO - [OK] Backend  : 9100
2026-09-11 23:08:30,614 - INFO - [OK] Frontend : 9121
2026-09-11 23:08:30,614 - INFO - 
2026-09-11 23:08:30,616 - INFO - Starting backend...
2026-09-11 23:08:44,635 - INFO - [OK] Backend Ready
2026-09-11 23:08:46,636 - INFO - Starting frontend...
2026-09-11 23:08:47,719 - INFO - [OK] Frontend Ready
2026-09-11 23:08:47,721 - INFO - 
2026-09-11 23:08:47,721 - INFO - ========================================
2026-09-11 23:08:47,721 - INFO - SYSTEM STATUS: RUNNING
2026-09-11 23:08:47,721 - INFO - ========================================
2026-09-11 23:08:47,721 - INFO - 
2026-09-11 23:08:47,721 - INFO - Monitoring Server:
2026-09-11 23:08:47,721 - INFO - 10.119.43.25
2026-09-11 23:08:47,721 - INFO - 
2026-09-11 23:08:47,721 - INFO - Printer Networks:
2026-09-11 23:08:47,721 - INFO - 10.119.34.0/24
2026-09-11 23:08:47,721 - INFO - 10.119.43.0/24
2026-09-11 23:08:47,721 - INFO - 
2026-09-11 23:08:47,721 - INFO - Frontend:
2026-09-11 23:08:47,722 - INFO - http://10.119.43.25:9121
2026-09-11 23:08:47,722 - INFO - 
2026-09-11 23:08:47,722 - INFO - Opening browser...
2026-09-11 23:08:47,722 - INFO - ========================================
2026-09-11 23:08:49,788 - INFO - READY
2026-09-11 23:16:49,931 - INFO - STOP
2026-09-11 23:16:50,651 - INFO - Backend stopped
2026-09-11 23:16:51,312 - INFO - Frontend stopped
2026-09-11 23:16:53,313 - INFO - START
2026-09-11 23:16:53,313 - INFO - ========================================
2026-09-11 23:16:53,313 - INFO -        PRINTER MONITORING SYSTEM
2026-09-11 23:16:53,313 - INFO - ========================================
2026-09-11 23:16:53,314 - INFO - 
2026-09-11 23:16:53,314 - INFO - Checking environment...
2026-09-11 23:16:53,314 - INFO - [OK] Python
2026-09-11 23:16:53,314 - INFO - [OK] Node.js
2026-09-11 23:16:53,314 - INFO - [OK] npm
2026-09-11 23:16:53,314 - INFO - 
2026-09-11 23:16:53,315 - INFO - Selecting ports...
2026-09-11 23:16:57,394 - INFO - [OK] Backend  : 9100
2026-09-11 23:16:57,394 - INFO - [OK] Frontend : 9121
2026-09-11 23:16:57,395 - INFO - 
2026-09-11 23:16:57,396 - INFO - Starting backend...
2026-09-11 23:17:02,107 - INFO - [OK] Backend Ready
2026-09-11 23:17:04,107 - INFO - Starting frontend...
2026-09-11 23:17:05,143 - INFO - [OK] Frontend Ready
2026-09-11 23:17:05,144 - INFO - 
2026-09-11 23:17:05,144 - INFO - ========================================
2026-09-11 23:17:05,144 - INFO - SYSTEM STATUS: RUNNING
2026-09-11 23:17:05,145 - INFO - ========================================
2026-09-11 23:17:05,145 - INFO - 
2026-09-11 23:17:05,145 - INFO - Monitoring Server:
2026-09-11 23:17:05,145 - INFO - 10.119.43.25
2026-09-11 23:17:05,145 - INFO - 
2026-09-11 23:17:05,145 - INFO - Printer Networks:
2026-09-11 23:17:05,145 - INFO - 10.119.34.0/24
2026-09-11 23:17:05,145 - INFO - 10.119.43.0/24
2026-09-11 23:17:05,145 - INFO - 
2026-09-11 23:17:05,145 - INFO - Frontend:
2026-09-11 23:17:05,145 - INFO - http://10.119.43.25:9121
2026-09-11 23:17:05,145 - INFO - 
2026-09-11 23:17:05,145 - INFO - Opening browser...
2026-09-11 23:17:05,146 - INFO - ========================================
2026-09-11 23:17:07,205 - INFO - READY
2026-09-11 23:23:38,795 - INFO - STOP
2026-09-11 23:23:39,508 - INFO - Backend stopped
2026-09-11 23:23:40,160 - INFO - Frontend stopped
2026-09-11 23:23:42,161 - INFO - START
2026-09-11 23:23:42,161 - INFO - ========================================
2026-09-11 23:23:42,161 - INFO -        PRINTER MONITORING SYSTEM
2026-09-11 23:23:42,161 - INFO - ========================================
2026-09-11 23:23:42,161 - INFO - 
2026-09-11 23:23:42,161 - INFO - Checking environment...
2026-09-11 23:23:42,161 - INFO - [OK] Python
2026-09-11 23:23:42,161 - INFO - [OK] Node.js
2026-09-11 23:23:42,161 - INFO - [OK] npm
2026-09-11 23:23:42,161 - INFO - 
2026-09-11 23:23:42,161 - INFO - Selecting ports...
2026-09-11 23:23:46,245 - INFO - [OK] Backend  : 9100
2026-09-11 23:23:46,245 - INFO - [OK] Frontend : 9121
2026-09-11 23:23:46,245 - INFO - 
2026-09-11 23:23:46,246 - INFO - Starting backend...
2026-09-11 23:23:50,576 - INFO - [OK] Backend Ready
2026-09-11 23:23:52,578 - INFO - Starting frontend...
2026-09-11 23:23:53,620 - INFO - [OK] Frontend Ready
2026-09-11 23:23:53,622 - INFO - 
2026-09-11 23:23:53,622 - INFO - ========================================
2026-09-11 23:23:53,623 - INFO - SYSTEM STATUS: RUNNING
2026-09-11 23:23:53,623 - INFO - ========================================
2026-09-11 23:23:53,623 - INFO - 
2026-09-11 23:23:53,623 - INFO - Monitoring Server:
2026-09-11 23:23:53,623 - INFO - 10.119.43.25
2026-09-11 23:23:53,623 - INFO - 
2026-09-11 23:23:53,623 - INFO - Printer Networks:
2026-09-11 23:23:53,623 - INFO - 10.119.34.0/24
2026-09-11 23:23:53,624 - INFO - 10.119.43.0/24
2026-09-11 23:23:53,624 - INFO - 
2026-09-11 23:23:53,624 - INFO - Frontend:
2026-09-11 23:23:53,624 - INFO - http://10.119.43.25:9121
2026-09-11 23:23:53,624 - INFO - 
2026-09-11 23:23:53,624 - INFO - Opening browser...
2026-09-11 23:23:53,624 - INFO - ========================================
2026-09-11 23:23:55,716 - INFO - READY
2026-09-11 23:32:07,571 - INFO - STOP
2026-09-11 23:32:08,159 - INFO - Backend stopped
2026-09-11 23:32:08,803 - INFO - Frontend stopped
2026-09-11 23:32:10,803 - INFO - START
2026-09-11 23:32:10,804 - INFO - ========================================
2026-09-11 23:32:10,804 - INFO -        PRINTER MONITORING SYSTEM
2026-09-11 23:32:10,804 - INFO - ========================================
2026-09-11 23:32:10,804 - INFO - 
2026-09-11 23:32:10,804 - INFO - Checking environment...
2026-09-11 23:32:10,804 - INFO - [OK] Python
2026-09-11 23:32:10,804 - INFO - [OK] Node.js
2026-09-11 23:32:10,804 - INFO - [OK] npm
2026-09-11 23:32:10,804 - INFO - 
2026-09-11 23:32:10,804 - INFO - Selecting ports...
2026-09-11 23:32:14,887 - INFO - [OK] Backend  : 9100
2026-09-11 23:32:14,887 - INFO - [OK] Frontend : 9121
2026-09-11 23:32:14,887 - INFO - 
2026-09-11 23:32:14,888 - INFO - Starting backend...
2026-09-11 23:32:19,104 - INFO - [OK] Backend Ready
2026-09-11 23:32:21,105 - INFO - Starting frontend...
2026-09-11 23:32:22,146 - INFO - [OK] Frontend Ready
2026-09-11 23:32:22,147 - INFO - 
2026-09-11 23:32:22,148 - INFO - ========================================
2026-09-11 23:32:22,148 - INFO - SYSTEM STATUS: RUNNING
2026-09-11 23:32:22,148 - INFO - ========================================
2026-09-11 23:32:22,148 - INFO - 
2026-09-11 23:32:22,148 - INFO - Monitoring Server:
2026-09-11 23:32:22,148 - INFO - 10.119.43.25
2026-09-11 23:32:22,148 - INFO - 
2026-09-11 23:32:22,148 - INFO - Printer Networks:
2026-09-11 23:32:22,148 - INFO - 10.119.34.0/24
2026-09-11 23:32:22,148 - INFO - 10.119.43.0/24
2026-09-11 23:32:22,148 - INFO - 
2026-09-11 23:32:22,148 - INFO - Frontend:
2026-09-11 23:32:22,148 - INFO - http://10.119.43.25:9121
2026-09-11 23:32:22,148 - INFO - 
2026-09-11 23:32:22,148 - INFO - Opening browser...
2026-09-11 23:32:22,149 - INFO - ========================================
2026-09-11 23:32:24,210 - INFO - READY
2026-09-11 23:40:09,217 - INFO - STOP
2026-09-11 23:40:09,813 - INFO - Backend stopped
2026-09-11 23:40:10,509 - INFO - Frontend stopped
2026-09-11 23:40:12,510 - INFO - START
2026-09-11 23:40:12,510 - INFO - ========================================
2026-09-11 23:40:12,510 - INFO -        PRINTER MONITORING SYSTEM
2026-09-11 23:40:12,510 - INFO - ========================================
2026-09-11 23:40:12,510 - INFO - 
2026-09-11 23:40:12,510 - INFO - Checking environment...
2026-09-11 23:40:12,510 - INFO - [OK] Python
2026-09-11 23:40:12,510 - INFO - [OK] Node.js
2026-09-11 23:40:12,510 - INFO - [OK] npm
2026-09-11 23:40:12,510 - INFO - 
2026-09-11 23:40:12,510 - INFO - Selecting ports...
2026-09-11 23:40:16,597 - INFO - [OK] Backend  : 9100
2026-09-11 23:40:16,597 - INFO - [OK] Frontend : 9121
2026-09-11 23:40:16,597 - INFO - 
2026-09-11 23:40:16,599 - INFO - Starting backend...
2026-09-11 23:40:20,689 - INFO - [OK] Backend Ready
2026-09-11 23:40:22,690 - INFO - Starting frontend...
2026-09-11 23:40:23,725 - INFO - [OK] Frontend Ready
2026-09-11 23:40:23,726 - INFO - 
2026-09-11 23:40:23,726 - INFO - ========================================
2026-09-11 23:40:23,726 - INFO - SYSTEM STATUS: RUNNING
2026-09-11 23:40:23,726 - INFO - ========================================
2026-09-11 23:40:23,726 - INFO - 
2026-09-11 23:40:23,726 - INFO - Monitoring Server:
2026-09-11 23:40:23,726 - INFO - 10.119.43.25
2026-09-11 23:40:23,727 - INFO - 
2026-09-11 23:40:23,727 - INFO - Printer Networks:
2026-09-11 23:40:23,727 - INFO - 10.119.34.0/24
2026-09-11 23:40:23,727 - INFO - 10.119.43.0/24
2026-09-11 23:40:23,727 - INFO - 
2026-09-11 23:40:23,727 - INFO - Frontend:
2026-09-11 23:40:23,727 - INFO - http://10.119.43.25:9121
2026-09-11 23:40:23,727 - INFO - 
2026-09-11 23:40:23,727 - INFO - Opening browser...
2026-09-11 23:40:23,727 - INFO - ========================================
2026-09-11 23:40:25,787 - INFO - READY
2026-09-11 23:54:52,418 - INFO - STOP
2026-09-11 23:54:53,048 - INFO - Backend stopped
2026-09-11 23:54:53,624 - INFO - Frontend stopped
2026-09-11 23:54:55,625 - INFO - START
2026-09-11 23:54:55,625 - INFO - ========================================
2026-09-11 23:54:55,626 - INFO -        PRINTER MONITORING SYSTEM
2026-09-11 23:54:55,626 - INFO - ========================================
2026-09-11 23:54:55,626 - INFO - 
2026-09-11 23:54:55,626 - INFO - Checking environment...
2026-09-11 23:54:55,627 - INFO - [OK] Python
2026-09-11 23:54:55,627 - INFO - [OK] Node.js
2026-09-11 23:54:55,627 - INFO - [OK] npm
2026-09-11 23:54:55,627 - INFO - 
2026-09-11 23:54:55,627 - INFO - Selecting ports...
2026-09-11 23:54:59,717 - INFO - [OK] Backend  : 9100
2026-09-11 23:54:59,717 - INFO - [OK] Frontend : 9121
2026-09-11 23:54:59,718 - INFO - 
2026-09-11 23:54:59,720 - INFO - Starting backend...
2026-09-11 23:55:04,037 - INFO - [OK] Backend Ready
2026-09-11 23:55:06,038 - INFO - Starting frontend...
2026-09-11 23:55:07,084 - INFO - [OK] Frontend Ready
2026-09-11 23:55:07,086 - INFO - 
2026-09-11 23:55:07,086 - INFO - ========================================
2026-09-11 23:55:07,086 - INFO - SYSTEM STATUS: RUNNING
2026-09-11 23:55:07,086 - INFO - ========================================
2026-09-11 23:55:07,086 - INFO - 
2026-09-11 23:55:07,087 - INFO - Monitoring Server:
2026-09-11 23:55:07,087 - INFO - 10.119.43.25
2026-09-11 23:55:07,087 - INFO - 
2026-09-11 23:55:07,087 - INFO - Printer Networks:
2026-09-11 23:55:07,087 - INFO - 10.119.34.0/24
2026-09-11 23:55:07,087 - INFO - 10.119.43.0/24
2026-09-11 23:55:07,087 - INFO - 
2026-09-11 23:55:07,087 - INFO - Frontend:
2026-09-11 23:55:07,088 - INFO - http://10.119.43.25:9121
2026-09-11 23:55:07,088 - INFO - 
2026-09-11 23:55:07,088 - INFO - Opening browser...
2026-09-11 23:55:07,088 - INFO - ========================================
2026-09-11 23:55:09,184 - INFO - READY
2026-09-12 00:14:27,649 - INFO - STOP
2026-09-12 00:14:28,208 - INFO - Backend stopped
2026-09-12 00:14:28,714 - INFO - Frontend stopped
2026-09-12 00:14:30,714 - INFO - START
2026-09-12 00:14:30,715 - INFO - ========================================
2026-09-12 00:14:30,715 - INFO -        PRINTER MONITORING SYSTEM
2026-09-12 00:14:30,715 - INFO - ========================================
2026-09-12 00:14:30,715 - INFO - 
2026-09-12 00:14:30,715 - INFO - Checking environment...
2026-09-12 00:14:30,715 - INFO - [OK] Python
2026-09-12 00:14:30,715 - INFO - [OK] Node.js
2026-09-12 00:14:30,715 - INFO - [OK] npm
2026-09-12 00:14:30,715 - INFO - 
2026-09-12 00:14:30,715 - INFO - Selecting ports...
2026-09-12 00:14:34,802 - INFO - [OK] Backend  : 9100
2026-09-12 00:14:34,802 - INFO - [OK] Frontend : 9121
2026-09-12 00:14:34,802 - INFO - 
2026-09-12 00:14:34,803 - INFO - Starting backend...
2026-09-12 00:14:38,898 - INFO - [OK] Backend Ready
2026-09-12 00:14:40,898 - INFO - Starting frontend...
2026-09-12 00:14:41,935 - INFO - [OK] Frontend Ready
2026-09-12 00:14:41,936 - INFO - 
2026-09-12 00:14:41,936 - INFO - ========================================
2026-09-12 00:14:41,936 - INFO - SYSTEM STATUS: RUNNING
2026-09-12 00:14:41,936 - INFO - ========================================
2026-09-12 00:14:41,936 - INFO - 
2026-09-12 00:14:41,936 - INFO - Monitoring Server:
2026-09-12 00:14:41,936 - INFO - 10.119.43.25
2026-09-12 00:14:41,936 - INFO - 
2026-09-12 00:14:41,936 - INFO - Printer Networks:
2026-09-12 00:14:41,936 - INFO - 10.119.34.0/24
2026-09-12 00:14:41,937 - INFO - 10.119.43.0/24
2026-09-12 00:14:41,937 - INFO - 
2026-09-12 00:14:41,937 - INFO - Frontend:
2026-09-12 00:14:41,937 - INFO - http://10.119.43.25:9121
2026-09-12 00:14:41,937 - INFO - 
2026-09-12 00:14:41,937 - INFO - Opening browser...
2026-09-12 00:14:41,937 - INFO - ========================================
2026-09-12 00:14:43,997 - INFO - READY
2026-09-12 00:24:58,490 - INFO - STOP
2026-09-12 00:24:59,033 - INFO - Backend stopped
2026-09-12 00:24:59,574 - INFO - Frontend stopped
2026-09-12 00:25:01,575 - INFO - START
2026-09-12 00:25:01,575 - INFO - ========================================
2026-09-12 00:25:01,575 - INFO -        PRINTER MONITORING SYSTEM
2026-09-12 00:25:01,575 - INFO - ========================================
2026-09-12 00:25:01,575 - INFO - 
2026-09-12 00:25:01,576 - INFO - Checking environment...
2026-09-12 00:25:01,576 - INFO - [OK] Python
2026-09-12 00:25:01,576 - INFO - [OK] Node.js
2026-09-12 00:25:01,576 - INFO - [OK] npm
2026-09-12 00:25:01,576 - INFO - 
2026-09-12 00:25:01,576 - INFO - Selecting ports...
2026-09-12 00:25:05,666 - INFO - [OK] Backend  : 9100
2026-09-12 00:25:05,667 - INFO - [OK] Frontend : 9121
2026-09-12 00:25:05,667 - INFO - 
2026-09-12 00:25:05,668 - INFO - Starting backend...
2026-09-12 00:25:09,898 - INFO - [OK] Backend Ready
2026-09-12 00:25:11,899 - INFO - Starting frontend...
2026-09-12 00:25:12,935 - INFO - [OK] Frontend Ready
2026-09-12 00:25:12,936 - INFO - 
2026-09-12 00:25:12,936 - INFO - ========================================
2026-09-12 00:25:12,936 - INFO - SYSTEM STATUS: RUNNING
2026-09-12 00:25:12,936 - INFO - ========================================
2026-09-12 00:25:12,936 - INFO - 
2026-09-12 00:25:12,936 - INFO - Monitoring Server:
2026-09-12 00:25:12,937 - INFO - 10.119.43.25
2026-09-12 00:25:12,937 - INFO - 
2026-09-12 00:25:12,937 - INFO - Printer Networks:
2026-09-12 00:25:12,937 - INFO - 10.119.34.0/24
2026-09-12 00:25:12,937 - INFO - 10.119.43.0/24
2026-09-12 00:25:12,937 - INFO - 
2026-09-12 00:25:12,937 - INFO - Frontend:
2026-09-12 00:25:12,937 - INFO - http://10.119.43.25:9121
2026-09-12 00:25:12,937 - INFO - 
2026-09-12 00:25:12,937 - INFO - Opening browser...
2026-09-12 00:25:12,937 - INFO - ========================================
2026-09-12 00:25:15,004 - INFO - READY
2026-09-12 00:28:13,251 - INFO - STOP
2026-09-12 00:28:13,792 - INFO - Backend stopped
2026-09-12 00:28:14,310 - INFO - Frontend stopped
2026-09-12 00:28:16,311 - INFO - START
2026-09-12 00:28:16,312 - INFO - ========================================
2026-09-12 00:28:16,312 - INFO -        PRINTER MONITORING SYSTEM
2026-09-12 00:28:16,312 - INFO - ========================================
2026-09-12 00:28:16,312 - INFO - 
2026-09-12 00:28:16,312 - INFO - Checking environment...
2026-09-12 00:28:16,312 - INFO - [OK] Python
2026-09-12 00:28:16,312 - INFO - [OK] Node.js
2026-09-12 00:28:16,312 - INFO - [OK] npm
2026-09-12 00:28:16,312 - INFO - 
2026-09-12 00:28:16,312 - INFO - Selecting ports...
2026-09-12 00:28:20,395 - INFO - [OK] Backend  : 9100
2026-09-12 00:28:20,395 - INFO - [OK] Frontend : 9121
2026-09-12 00:28:20,396 - INFO - 
2026-09-12 00:28:20,397 - INFO - Starting backend...
2026-09-12 00:28:24,581 - INFO - [OK] Backend Ready
2026-09-12 00:28:26,581 - INFO - Starting frontend...
2026-09-12 00:28:27,630 - INFO - [OK] Frontend Ready
2026-09-12 00:28:27,631 - INFO - 
2026-09-12 00:28:27,631 - INFO - ========================================
2026-09-12 00:28:27,631 - INFO - SYSTEM STATUS: RUNNING
2026-09-12 00:28:27,631 - INFO - ========================================
2026-09-12 00:28:27,631 - INFO - 
2026-09-12 00:28:27,631 - INFO - Monitoring Server:
2026-09-12 00:28:27,632 - INFO - 10.119.43.25
2026-09-12 00:28:27,632 - INFO - 
2026-09-12 00:28:27,632 - INFO - Printer Networks:
2026-09-12 00:28:27,632 - INFO - 10.119.34.0/24
2026-09-12 00:28:27,632 - INFO - 10.119.43.0/24
2026-09-12 00:28:27,632 - INFO - 
2026-09-12 00:28:27,632 - INFO - Frontend:
2026-09-12 00:28:27,632 - INFO - http://10.119.43.25:9121
2026-09-12 00:28:27,632 - INFO - 
2026-09-12 00:28:27,633 - INFO - Opening browser...
2026-09-12 00:28:27,633 - INFO - ========================================
2026-09-12 00:28:29,694 - INFO - READY
2026-09-12 00:34:07,631 - INFO - STOP
2026-09-12 00:34:08,267 - INFO - Backend stopped
2026-09-12 00:34:08,978 - INFO - Frontend stopped
2026-09-12 00:34:10,979 - INFO - START
2026-09-12 00:34:10,979 - INFO - ========================================
2026-09-12 00:34:10,979 - INFO -        PRINTER MONITORING SYSTEM
2026-09-12 00:34:10,979 - INFO - ========================================
2026-09-12 00:34:10,979 - INFO - 
2026-09-12 00:34:10,980 - INFO - Checking environment...
2026-09-12 00:34:10,980 - INFO - [OK] Python
2026-09-12 00:34:10,980 - INFO - [OK] Node.js
2026-09-12 00:34:10,980 - INFO - [OK] npm
2026-09-12 00:34:10,980 - INFO - 
2026-09-12 00:34:10,980 - INFO - Selecting ports...
2026-09-12 00:34:15,058 - INFO - [OK] Backend  : 9100
2026-09-12 00:34:15,058 - INFO - [OK] Frontend : 9121
2026-09-12 00:34:15,058 - INFO - 
2026-09-12 00:34:15,059 - INFO - Starting backend...
2026-09-12 00:34:19,583 - INFO - [OK] Backend Ready
2026-09-12 00:34:21,584 - INFO - Starting frontend...
2026-09-12 00:34:22,614 - INFO - [OK] Frontend Ready
2026-09-12 00:34:22,615 - INFO - 
2026-09-12 00:34:22,615 - INFO - ========================================
2026-09-12 00:34:22,615 - INFO - SYSTEM STATUS: RUNNING
2026-09-12 00:34:22,615 - INFO - ========================================
2026-09-12 00:34:22,615 - INFO - 
2026-09-12 00:34:22,616 - INFO - Monitoring Server:
2026-09-12 00:34:22,616 - INFO - 10.119.43.25
2026-09-12 00:34:22,616 - INFO - 
2026-09-12 00:34:22,616 - INFO - Printer Networks:
2026-09-12 00:34:22,616 - INFO - 10.119.34.0/24
2026-09-12 00:34:22,616 - INFO - 10.119.43.0/24
2026-09-12 00:34:22,616 - INFO - 
2026-09-12 00:34:22,616 - INFO - Frontend:
2026-09-12 00:34:22,616 - INFO - http://10.119.43.25:9121
2026-09-12 00:34:22,616 - INFO - 
2026-09-12 00:34:22,616 - INFO - Opening browser...
2026-09-12 00:34:22,616 - INFO - ========================================
2026-09-12 00:34:24,679 - INFO - READY
2026-09-12 00:37:24,833 - INFO - STOP
2026-09-12 00:37:25,365 - INFO - Backend stopped
2026-09-12 00:37:25,890 - INFO - Frontend stopped
2026-09-12 00:37:27,891 - INFO - START
2026-09-12 00:37:27,891 - INFO - ========================================
2026-09-12 00:37:27,891 - INFO -        PRINTER MONITORING SYSTEM
2026-09-12 00:37:27,891 - INFO - ========================================
2026-09-12 00:37:27,891 - INFO - 
2026-09-12 00:37:27,891 - INFO - Checking environment...
2026-09-12 00:37:27,891 - INFO - [OK] Python
2026-09-12 00:37:27,891 - INFO - [OK] Node.js
2026-09-12 00:37:27,891 - INFO - [OK] npm
2026-09-12 00:37:27,891 - INFO - 
2026-09-12 00:37:27,891 - INFO - Selecting ports...
2026-09-12 00:37:31,986 - INFO - [OK] Backend  : 9100
2026-09-12 00:37:31,986 - INFO - [OK] Frontend : 9121
2026-09-12 00:37:31,986 - INFO - 
2026-09-12 00:37:31,987 - INFO - Starting backend...
2026-09-12 00:37:36,227 - INFO - [OK] Backend Ready
2026-09-12 00:37:38,228 - INFO - Starting frontend...
2026-09-12 00:37:39,272 - INFO - [OK] Frontend Ready
2026-09-12 00:37:39,273 - INFO - 
2026-09-12 00:37:39,274 - INFO - ========================================
2026-09-12 00:37:39,274 - INFO - SYSTEM STATUS: RUNNING
2026-09-12 00:37:39,274 - INFO - ========================================
2026-09-12 00:37:39,274 - INFO - 
2026-09-12 00:37:39,274 - INFO - Monitoring Server:
2026-09-12 00:37:39,274 - INFO - 10.119.43.25
2026-09-12 00:37:39,274 - INFO - 
2026-09-12 00:37:39,274 - INFO - Printer Networks:
2026-09-12 00:37:39,274 - INFO - 10.119.34.0/24
2026-09-12 00:37:39,274 - INFO - 10.119.43.0/24
2026-09-12 00:37:39,274 - INFO - 
2026-09-12 00:37:39,274 - INFO - Frontend:
2026-09-12 00:37:39,274 - INFO - http://10.119.43.25:9121
2026-09-12 00:37:39,275 - INFO - 
2026-09-12 00:37:39,275 - INFO - Opening browser...
2026-09-12 00:37:39,275 - INFO - ========================================
2026-09-12 00:37:41,336 - INFO - READY
2026-09-12 00:40:08,237 - INFO - STOP
2026-09-12 00:40:08,864 - INFO - Backend stopped
2026-09-12 00:40:09,476 - INFO - Frontend stopped
2026-09-12 00:40:11,477 - INFO - START
2026-09-12 00:40:11,478 - INFO - ========================================
2026-09-12 00:40:11,478 - INFO -        PRINTER MONITORING SYSTEM
2026-09-12 00:40:11,479 - INFO - ========================================
2026-09-12 00:40:11,479 - INFO - 
2026-09-12 00:40:11,479 - INFO - Checking environment...
2026-09-12 00:40:11,480 - INFO - [OK] Python
2026-09-12 00:40:11,480 - INFO - [OK] Node.js
2026-09-12 00:40:11,480 - INFO - [OK] npm
2026-09-12 00:40:11,481 - INFO - 
2026-09-12 00:40:11,481 - INFO - Selecting ports...
2026-09-12 00:40:15,573 - INFO - [OK] Backend  : 9100
2026-09-12 00:40:15,573 - INFO - [OK] Frontend : 9121
2026-09-12 00:40:15,574 - INFO - 
2026-09-12 00:40:15,575 - INFO - Starting backend...
2026-09-12 00:40:19,814 - INFO - [OK] Backend Ready
2026-09-12 00:40:19,814 - INFO - Starting frontend...
2026-09-12 00:40:20,855 - INFO - [OK] Frontend Ready
2026-09-12 00:40:20,856 - INFO - 
2026-09-12 00:40:20,856 - INFO - ========================================
2026-09-12 00:40:20,857 - INFO - SYSTEM STATUS: RUNNING
2026-09-12 00:40:20,857 - INFO - ========================================
2026-09-12 00:40:20,857 - INFO - 
2026-09-12 00:40:20,857 - INFO - Monitoring Server:
2026-09-12 00:40:20,857 - INFO - 10.119.43.25
2026-09-12 00:40:20,857 - INFO - 
2026-09-12 00:40:20,857 - INFO - Printer Networks:
2026-09-12 00:40:20,857 - INFO - 10.119.34.0/24
2026-09-12 00:40:20,857 - INFO - 10.119.43.0/24
2026-09-12 00:40:20,857 - INFO - 
2026-09-12 00:40:20,857 - INFO - Frontend:
2026-09-12 00:40:20,857 - INFO - http://10.119.43.25:9121
2026-09-12 00:40:20,857 - INFO - 
2026-09-12 00:40:20,857 - INFO - Opening browser...
2026-09-12 00:40:20,857 - INFO - ========================================
2026-09-12 00:40:22,918 - INFO - READY
2026-09-12 00:51:01,788 - INFO - ========================================
2026-09-12 00:51:01,788 - INFO -        PRINTER MONITORING SYSTEM
2026-09-12 00:51:01,789 - INFO - ========================================
2026-09-12 00:51:01,789 - INFO - 
2026-09-12 00:51:01,789 - INFO - Checking environment...
2026-09-12 00:51:01,789 - INFO - [OK] Python
2026-09-12 00:51:01,789 - INFO - [OK] Node.js
2026-09-12 00:51:01,789 - INFO - [OK] npm
2026-09-12 00:51:01,789 - INFO - 
2026-09-12 00:51:01,789 - INFO - Selecting ports...
2026-09-12 00:51:05,872 - INFO - [OK] Backend  : 9100
2026-09-12 00:51:05,872 - INFO - [OK] Frontend : 9121
2026-09-12 00:51:05,872 - INFO - 
2026-09-12 00:51:05,874 - INFO - Starting backend...
2026-09-12 00:51:11,351 - INFO - [OK] Backend Ready
2026-09-12 00:51:11,351 - INFO - Starting frontend...
2026-09-12 00:51:12,752 - INFO - [OK] Frontend Ready
2026-09-12 00:51:12,753 - INFO - 
2026-09-12 00:51:12,754 - INFO - ========================================
2026-09-12 00:51:12,754 - INFO - SYSTEM STATUS: RUNNING
2026-09-12 00:51:12,754 - INFO - ========================================
2026-09-12 00:51:12,754 - INFO - 
2026-09-12 00:51:12,754 - INFO - Monitoring Server:
2026-09-12 00:51:12,754 - INFO - 10.119.43.25
2026-09-12 00:51:12,754 - INFO - 
2026-09-12 00:51:12,754 - INFO - Printer Networks:
2026-09-12 00:51:12,754 - INFO - 10.119.34.0/24
2026-09-12 00:51:12,754 - INFO - 10.119.43.0/24
2026-09-12 00:51:12,754 - INFO - 
2026-09-12 00:51:12,754 - INFO - Frontend:
2026-09-12 00:51:12,754 - INFO - http://10.119.43.25:9121
2026-09-12 00:51:12,755 - INFO - 
2026-09-12 00:51:12,755 - INFO - Opening browser...
2026-09-12 00:51:12,755 - INFO - ========================================
2026-09-12 08:08:40,029 - INFO - STOP
2026-09-12 08:08:40,520 - INFO - Backend stopped
2026-09-12 08:08:40,960 - INFO - Frontend stopped
2026-09-12 08:08:42,961 - INFO - START
2026-09-12 08:08:42,961 - INFO - ========================================
2026-09-12 08:08:42,961 - INFO -        PRINTER MONITORING SYSTEM
2026-09-12 08:08:42,961 - INFO - ========================================
2026-09-12 08:08:42,961 - INFO - 
2026-09-12 08:08:42,961 - INFO - Checking environment...
2026-09-12 08:08:42,961 - INFO - [OK] Python
2026-09-12 08:08:42,961 - INFO - [OK] Node.js
2026-09-12 08:08:42,961 - INFO - [OK] npm
2026-09-12 08:08:42,961 - INFO - 
2026-09-12 08:08:42,962 - INFO - Selecting ports...
2026-09-12 08:08:47,052 - INFO - [OK] Backend  : 9100
2026-09-12 08:08:47,053 - INFO - [OK] Frontend : 9121
2026-09-12 08:08:47,053 - INFO - 
2026-09-12 08:08:47,054 - INFO - Starting backend...
2026-09-12 08:08:51,080 - INFO - [OK] Backend Ready
2026-09-12 08:08:51,080 - INFO - Starting frontend...
2026-09-12 08:08:52,120 - INFO - [OK] Frontend Ready
2026-09-12 08:08:52,121 - INFO - 
2026-09-12 08:08:52,122 - INFO - ========================================
2026-09-12 08:08:52,122 - INFO - SYSTEM STATUS: RUNNING
2026-09-12 08:08:52,122 - INFO - ========================================
2026-09-12 08:08:52,122 - INFO - 
2026-09-12 08:08:52,122 - INFO - Monitoring Server:
2026-09-12 08:08:52,122 - INFO - 10.119.43.25
2026-09-12 08:08:52,122 - INFO - 
2026-09-12 08:08:52,122 - INFO - Printer Networks:
2026-09-12 08:08:52,122 - INFO - 10.119.34.0/24
2026-09-12 08:08:52,122 - INFO - 10.119.43.0/24
2026-09-12 08:08:52,122 - INFO - 
2026-09-12 08:08:52,122 - INFO - Frontend:
2026-09-12 08:08:52,122 - INFO - http://10.119.43.25:9121
2026-09-12 08:08:52,122 - INFO - 
2026-09-12 08:08:52,122 - INFO - Opening browser...
2026-09-12 08:08:52,123 - INFO - ========================================
2026-09-12 08:08:54,191 - INFO - READY
2026-09-12 08:47:22,771 - INFO - STOP
2026-09-12 08:47:23,457 - INFO - Backend stopped
2026-09-12 08:47:24,141 - INFO - Frontend stopped
2026-09-12 08:47:26,142 - INFO - START
2026-09-12 08:47:26,142 - INFO - ========================================
2026-09-12 08:47:26,142 - INFO -        PRINTER MONITORING SYSTEM
2026-09-12 08:47:26,142 - INFO - ========================================
2026-09-12 08:47:26,143 - INFO - 
2026-09-12 08:47:26,143 - INFO - Checking environment...
2026-09-12 08:47:26,143 - INFO - [OK] Python
2026-09-12 08:47:26,143 - INFO - [OK] Node.js
2026-09-12 08:47:26,143 - INFO - [OK] npm
2026-09-12 08:47:26,143 - INFO - 
2026-09-12 08:47:26,143 - INFO - Selecting ports...
2026-09-12 08:47:30,226 - INFO - [OK] Backend  : 9100
2026-09-12 08:47:30,226 - INFO - [OK] Frontend : 9121
2026-09-12 08:47:30,226 - INFO - 
2026-09-12 08:47:30,227 - INFO - Starting backend...
2026-09-12 08:47:34,502 - INFO - [OK] Backend Ready
2026-09-12 08:47:34,502 - INFO - Starting frontend...
2026-09-12 08:47:35,542 - INFO - [OK] Frontend Ready
2026-09-12 08:47:35,544 - INFO - 
2026-09-12 08:47:35,544 - INFO - ========================================
2026-09-12 08:47:35,544 - INFO - SYSTEM STATUS: RUNNING
2026-09-12 08:47:35,544 - INFO - ========================================
2026-09-12 08:47:35,544 - INFO - 
2026-09-12 08:47:35,544 - INFO - Monitoring Server:
2026-09-12 08:47:35,544 - INFO - 10.119.43.25
2026-09-12 08:47:35,544 - INFO - 
2026-09-12 08:47:35,544 - INFO - Printer Networks:
2026-09-12 08:47:35,544 - INFO - 10.119.34.0/24
2026-09-12 08:47:35,544 - INFO - 10.119.43.0/24
2026-09-12 08:47:35,544 - INFO - 
2026-09-12 08:47:35,544 - INFO - Frontend:
2026-09-12 08:47:35,545 - INFO - http://10.119.43.25:9121
2026-09-12 08:47:35,545 - INFO - 
2026-09-12 08:47:35,545 - INFO - Opening browser...
2026-09-12 08:47:35,545 - INFO - ========================================
2026-09-12 08:47:37,609 - INFO - READY
2026-09-12 08:59:41,134 - INFO - STOP
2026-09-12 08:59:41,730 - INFO - Backend stopped
2026-09-12 08:59:42,211 - INFO - Frontend stopped
2026-09-12 08:59:44,212 - INFO - START
2026-09-12 08:59:44,212 - INFO - ========================================
2026-09-12 08:59:44,212 - INFO -        PRINTER MONITORING SYSTEM
2026-09-12 08:59:44,212 - INFO - ========================================
2026-09-12 08:59:44,212 - INFO - 
2026-09-12 08:59:44,212 - INFO - Checking environment...
2026-09-12 08:59:44,212 - INFO - [OK] Python
2026-09-12 08:59:44,212 - INFO - [OK] Node.js
2026-09-12 08:59:44,212 - INFO - [OK] npm
2026-09-12 08:59:44,212 - INFO - 
2026-09-12 08:59:44,212 - INFO - Selecting ports...
2026-09-12 08:59:48,303 - INFO - [OK] Backend  : 9100
2026-09-12 08:59:48,303 - INFO - [OK] Frontend : 9121
2026-09-12 08:59:48,303 - INFO - 
2026-09-12 08:59:48,304 - INFO - Starting backend...
2026-09-12 08:59:52,354 - INFO - [OK] Backend Ready
2026-09-12 08:59:52,354 - INFO - Starting frontend...
2026-09-12 08:59:53,395 - INFO - [OK] Frontend Ready
2026-09-12 08:59:53,396 - INFO - 
2026-09-12 08:59:53,397 - INFO - ========================================
2026-09-12 08:59:53,397 - INFO - SYSTEM STATUS: RUNNING
2026-09-12 08:59:53,397 - INFO - ========================================
2026-09-12 08:59:53,397 - INFO - 
2026-09-12 08:59:53,397 - INFO - Monitoring Server:
2026-09-12 08:59:53,397 - INFO - 10.119.43.25
2026-09-12 08:59:53,397 - INFO - 
2026-09-12 08:59:53,398 - INFO - Printer Networks:
2026-09-12 08:59:53,398 - INFO - 10.119.34.0/24
2026-09-12 08:59:53,398 - INFO - 10.119.43.0/24
2026-09-12 08:59:53,398 - INFO - 
2026-09-12 08:59:53,398 - INFO - Frontend:
2026-09-12 08:59:53,398 - INFO - http://10.119.43.25:9121
2026-09-12 08:59:53,398 - INFO - 
2026-09-12 08:59:53,398 - INFO - Opening browser...
2026-09-12 08:59:53,399 - INFO - ========================================
2026-09-12 08:59:55,484 - INFO - READY
2026-09-12 09:02:27,972 - INFO - STOP
2026-09-12 09:02:28,459 - INFO - Backend stopped
2026-09-12 09:02:28,921 - INFO - Frontend stopped
2026-09-12 09:02:30,922 - INFO - START
2026-09-12 09:02:30,922 - INFO - ========================================
2026-09-12 09:02:30,922 - INFO -        PRINTER MONITORING SYSTEM
2026-09-12 09:02:30,922 - INFO - ========================================
2026-09-12 09:02:30,922 - INFO - 
2026-09-12 09:02:30,922 - INFO - Checking environment...
2026-09-12 09:02:30,922 - INFO - [OK] Python
2026-09-12 09:02:30,922 - INFO - [OK] Node.js
2026-09-12 09:02:30,923 - INFO - [OK] npm
2026-09-12 09:02:30,923 - INFO - 
2026-09-12 09:02:30,923 - INFO - Selecting ports...
2026-09-12 09:02:35,023 - INFO - [OK] Backend  : 9100
2026-09-12 09:02:35,023 - INFO - [OK] Frontend : 9121
2026-09-12 09:02:35,023 - INFO - 
2026-09-12 09:02:35,025 - INFO - Starting backend...
2026-09-12 09:02:39,071 - INFO - [OK] Backend Ready
2026-09-12 09:02:39,071 - INFO - Starting frontend...
2026-09-12 09:02:40,109 - INFO - [OK] Frontend Ready
2026-09-12 09:02:40,110 - INFO - 
2026-09-12 09:02:40,110 - INFO - ========================================
2026-09-12 09:02:40,110 - INFO - SYSTEM STATUS: RUNNING
2026-09-12 09:02:40,110 - INFO - ========================================
2026-09-12 09:02:40,110 - INFO - 
2026-09-12 09:02:40,110 - INFO - Monitoring Server:
2026-09-12 09:02:40,110 - INFO - 10.119.43.25
2026-09-12 09:02:40,110 - INFO - 
2026-09-12 09:02:40,110 - INFO - Printer Networks:
2026-09-12 09:02:40,110 - INFO - 10.119.34.0/24
2026-09-12 09:02:40,111 - INFO - 10.119.43.0/24
2026-09-12 09:02:40,111 - INFO - 
2026-09-12 09:02:40,111 - INFO - Frontend:
2026-09-12 09:02:40,111 - INFO - http://10.119.43.25:9121
2026-09-12 09:02:40,111 - INFO - 
2026-09-12 09:02:40,111 - INFO - Opening browser...
2026-09-12 09:02:40,111 - INFO - ========================================
2026-09-12 09:02:42,173 - INFO - READY
2026-09-12 09:06:55,434 - INFO - STOP
2026-09-12 09:06:55,911 - INFO - Backend stopped
2026-09-12 09:06:56,364 - INFO - Frontend stopped
2026-09-12 09:06:58,365 - INFO - START
2026-09-12 09:06:58,365 - INFO - ========================================
2026-09-12 09:06:58,365 - INFO -        PRINTER MONITORING SYSTEM
2026-09-12 09:06:58,365 - INFO - ========================================
2026-09-12 09:06:58,365 - INFO - 
2026-09-12 09:06:58,365 - INFO - Checking environment...
2026-09-12 09:06:58,365 - INFO - [OK] Python
2026-09-12 09:06:58,365 - INFO - [OK] Node.js
2026-09-12 09:06:58,365 - INFO - [OK] npm
2026-09-12 09:06:58,365 - INFO - 
2026-09-12 09:06:58,365 - INFO - Selecting ports...
2026-09-12 09:07:02,462 - INFO - [OK] Backend  : 9100
2026-09-12 09:07:02,462 - INFO - [OK] Frontend : 9121
2026-09-12 09:07:02,462 - INFO - 
2026-09-12 09:07:02,464 - INFO - Starting backend...
2026-09-12 09:07:06,614 - INFO - [OK] Backend Ready
2026-09-12 09:07:06,614 - INFO - Starting frontend...
2026-09-12 09:07:07,666 - INFO - [OK] Frontend Ready
2026-09-12 09:07:07,668 - INFO - 
2026-09-12 09:07:07,668 - INFO - ========================================
2026-09-12 09:07:07,668 - INFO - SYSTEM STATUS: RUNNING
2026-09-12 09:07:07,668 - INFO - ========================================
2026-09-12 09:07:07,668 - INFO - 
2026-09-12 09:07:07,668 - INFO - Monitoring Server:
2026-09-12 09:07:07,668 - INFO - 10.119.43.25
2026-09-12 09:07:07,668 - INFO - 
2026-09-12 09:07:07,669 - INFO - Printer Networks:
2026-09-12 09:07:07,669 - INFO - 10.119.34.0/24
2026-09-12 09:07:07,669 - INFO - 10.119.43.0/24
2026-09-12 09:07:07,669 - INFO - 
2026-09-12 09:07:07,669 - INFO - Frontend:
2026-09-12 09:07:07,669 - INFO - http://10.119.43.25:9121
2026-09-12 09:07:07,669 - INFO - 
2026-09-12 09:07:07,669 - INFO - Opening browser...
2026-09-12 09:07:07,669 - INFO - ========================================
2026-09-12 09:07:09,757 - INFO - READY
2026-09-12 09:35:38,017 - INFO - STOP
2026-09-12 09:35:38,718 - INFO - Backend stopped
2026-09-12 09:35:39,252 - INFO - Frontend stopped
2026-09-12 09:35:41,253 - INFO - START
2026-09-12 09:35:41,253 - INFO - ========================================
2026-09-12 09:35:41,253 - INFO -        PRINTER MONITORING SYSTEM
2026-09-12 09:35:41,253 - INFO - ========================================
2026-09-12 09:35:41,253 - INFO - 
2026-09-12 09:35:41,253 - INFO - Checking environment...
2026-09-12 09:35:41,253 - INFO - [OK] Python
2026-09-12 09:35:41,253 - INFO - [OK] Node.js
2026-09-12 09:35:41,253 - INFO - [OK] npm
2026-09-12 09:35:41,253 - INFO - 
2026-09-12 09:35:41,253 - INFO - Selecting ports...
2026-09-12 09:35:45,355 - INFO - [OK] Backend  : 9100
2026-09-12 09:35:45,355 - INFO - [OK] Frontend : 9121
2026-09-12 09:35:45,355 - INFO - 
2026-09-12 09:35:45,356 - INFO - Starting backend...
2026-09-12 09:35:49,605 - INFO - [OK] Backend Ready
2026-09-12 09:35:49,605 - INFO - Starting frontend...
2026-09-12 09:35:50,662 - INFO - [OK] Frontend Ready
2026-09-12 09:35:50,663 - INFO - 
2026-09-12 09:35:50,664 - INFO - ========================================
2026-09-12 09:35:50,664 - INFO - SYSTEM STATUS: RUNNING
2026-09-12 09:35:50,664 - INFO - ========================================
2026-09-12 09:35:50,664 - INFO - 
2026-09-12 09:35:50,664 - INFO - Monitoring Server:
2026-09-12 09:35:50,664 - INFO - 10.119.43.25
2026-09-12 09:35:50,664 - INFO - 
2026-09-12 09:35:50,664 - INFO - Printer Networks:
2026-09-12 09:35:50,664 - INFO - 10.119.34.0/24
2026-09-12 09:35:50,664 - INFO - 10.119.43.0/24
2026-09-12 09:35:50,664 - INFO - 
2026-09-12 09:35:50,664 - INFO - Frontend:
2026-09-12 09:35:50,665 - INFO - http://10.119.43.25:9121
2026-09-12 09:35:50,665 - INFO - 
2026-09-12 09:35:50,665 - INFO - Opening browser...
2026-09-12 09:35:50,665 - INFO - ========================================
2026-09-12 09:35:52,728 - INFO - READY
2026-09-12 09:44:58,138 - INFO - STOP
2026-09-12 09:44:58,695 - INFO - Backend stopped
2026-09-12 09:44:59,219 - INFO - Frontend stopped
2026-09-12 09:45:01,220 - INFO - START
2026-09-12 09:45:01,220 - INFO - ========================================
2026-09-12 09:45:01,220 - INFO -        PRINTER MONITORING SYSTEM
2026-09-12 09:45:01,220 - INFO - ========================================
2026-09-12 09:45:01,220 - INFO - 
2026-09-12 09:45:01,220 - INFO - Checking environment...
2026-09-12 09:45:01,220 - INFO - [OK] Python
2026-09-12 09:45:01,220 - INFO - [OK] Node.js
2026-09-12 09:45:01,220 - INFO - [OK] npm
2026-09-12 09:45:01,220 - INFO - 
2026-09-12 09:45:01,220 - INFO - Selecting ports...
2026-09-12 09:45:05,311 - INFO - [OK] Backend  : 9100
2026-09-12 09:45:05,311 - INFO - [OK] Frontend : 9121
2026-09-12 09:45:05,311 - INFO - 
2026-09-12 09:45:05,312 - INFO - Starting backend...
2026-09-12 09:45:10,013 - INFO - [OK] Backend Ready
2026-09-12 09:45:10,013 - INFO - Starting frontend...
2026-09-12 09:45:10,550 - INFO - [OK] Frontend Ready
2026-09-12 09:45:10,551 - INFO - 
2026-09-12 09:45:10,552 - INFO - ========================================
2026-09-12 09:45:10,552 - INFO - SYSTEM STATUS: RUNNING
2026-09-12 09:45:10,552 - INFO - ========================================
2026-09-12 09:45:10,552 - INFO - 
2026-09-12 09:45:10,552 - INFO - Monitoring Server:
2026-09-12 09:45:10,552 - INFO - 10.119.43.25
2026-09-12 09:45:10,552 - INFO - 
2026-09-12 09:45:10,552 - INFO - Printer Networks:
2026-09-12 09:45:10,552 - INFO - 10.119.34.0/24
2026-09-12 09:45:10,552 - INFO - 10.119.43.0/24
2026-09-12 09:45:10,552 - INFO - 
2026-09-12 09:45:10,553 - INFO - Frontend:
2026-09-12 09:45:10,553 - INFO - http://10.119.43.25:9121
2026-09-12 09:45:10,553 - INFO - 
2026-09-12 09:45:10,553 - INFO - Opening browser...
2026-09-12 09:45:10,553 - INFO - ========================================
2026-09-12 09:45:12,637 - INFO - READY
2026-09-12 15:44:52,598 - INFO - STOP
2026-09-12 15:44:53,195 - INFO - Backend stopped
2026-09-12 15:44:53,799 - INFO - Frontend stopped
2026-09-12 15:44:55,800 - INFO - START
2026-09-12 15:44:55,800 - INFO - ========================================
2026-09-12 15:44:55,800 - INFO -        PRINTER MONITORING SYSTEM
2026-09-12 15:44:55,800 - INFO - ========================================
2026-09-12 15:44:55,800 - INFO - 
2026-09-12 15:44:55,800 - INFO - Checking environment...
2026-09-12 15:44:55,800 - INFO - [OK] Python
2026-09-12 15:44:55,801 - INFO - [OK] Node.js
2026-09-12 15:44:55,801 - INFO - [OK] npm
2026-09-12 15:44:55,801 - INFO - 
2026-09-12 15:44:55,801 - INFO - Selecting ports...
2026-09-12 15:44:59,883 - INFO - [OK] Backend  : 9100
2026-09-12 15:44:59,884 - INFO - [OK] Frontend : 9121
2026-09-12 15:44:59,884 - INFO - 
2026-09-12 15:44:59,886 - INFO - Starting backend...
2026-09-12 15:45:04,116 - INFO - [OK] Backend Ready
2026-09-12 15:45:04,117 - INFO - Starting frontend...
2026-09-12 15:45:05,228 - INFO - [OK] Frontend Ready
2026-09-12 15:45:05,230 - INFO - 
2026-09-12 15:45:05,230 - INFO - ========================================
2026-09-12 15:45:05,230 - INFO - SYSTEM STATUS: RUNNING
2026-09-12 15:45:05,230 - INFO - ========================================
2026-09-12 15:45:05,230 - INFO - 
2026-09-12 15:45:05,230 - INFO - Monitoring Server:
2026-09-12 15:45:05,231 - INFO - 10.119.43.25
2026-09-12 15:45:05,231 - INFO - 
2026-09-12 15:45:05,231 - INFO - Printer Networks:
2026-09-12 15:45:05,231 - INFO - 10.119.34.0/24
2026-09-12 15:45:05,231 - INFO - 10.119.43.0/24
2026-09-12 15:45:05,231 - INFO - 
2026-09-12 15:45:05,231 - INFO - Frontend:
2026-09-12 15:45:05,231 - INFO - http://10.119.43.25:9121
2026-09-12 15:45:05,231 - INFO - 
2026-09-12 15:45:05,232 - INFO - Opening browser...
2026-09-12 15:45:05,232 - INFO - ========================================
2026-09-12 15:45:07,330 - INFO - READY
2026-09-12 15:48:07,779 - INFO - STOP
2026-09-12 15:48:08,335 - INFO - Backend stopped
2026-09-12 15:48:08,837 - INFO - Frontend stopped
2026-09-12 15:48:10,838 - INFO - START
2026-09-12 15:48:10,838 - INFO - ========================================
2026-09-12 15:48:10,838 - INFO -        PRINTER MONITORING SYSTEM
2026-09-12 15:48:10,838 - INFO - ========================================
2026-09-12 15:48:10,838 - INFO - 
2026-09-12 15:48:10,838 - INFO - Checking environment...
2026-09-12 15:48:10,838 - INFO - [OK] Python
2026-09-12 15:48:10,838 - INFO - [OK] Node.js
2026-09-12 15:48:10,838 - INFO - [OK] npm
2026-09-12 15:48:10,838 - INFO - 
2026-09-12 15:48:10,838 - INFO - Selecting ports...
2026-09-12 15:48:14,927 - INFO - [OK] Backend  : 9100
2026-09-12 15:48:14,927 - INFO - [OK] Frontend : 9121
2026-09-12 15:48:14,927 - INFO - 
2026-09-12 15:48:14,928 - INFO - Starting backend...
2026-09-12 15:48:19,028 - INFO - [OK] Backend Ready
2026-09-12 15:48:19,028 - INFO - Starting frontend...
2026-09-12 15:48:20,066 - INFO - [OK] Frontend Ready
2026-09-12 15:48:20,067 - INFO - 
2026-09-12 15:48:20,068 - INFO - ========================================
2026-09-12 15:48:20,068 - INFO - SYSTEM STATUS: RUNNING
2026-09-12 15:48:20,068 - INFO - ========================================
2026-09-12 15:48:20,068 - INFO - 
2026-09-12 15:48:20,068 - INFO - Monitoring Server:
2026-09-12 15:48:20,068 - INFO - 10.119.43.25
2026-09-12 15:48:20,068 - INFO - 
2026-09-12 15:48:20,068 - INFO - Printer Networks:
2026-09-12 15:48:20,068 - INFO - 10.119.34.0/24
2026-09-12 15:48:20,068 - INFO - 10.119.43.0/24
2026-09-12 15:48:20,068 - INFO - 
2026-09-12 15:48:20,068 - INFO - Frontend:
2026-09-12 15:48:20,068 - INFO - http://10.119.43.25:9121
2026-09-12 15:48:20,068 - INFO - 
2026-09-12 15:48:20,068 - INFO - Opening browser...
2026-09-12 15:48:20,068 - INFO - ========================================
2026-09-12 15:48:22,133 - INFO - READY
2026-09-12 17:01:46,491 - INFO - STOP
2026-09-12 17:01:47,229 - INFO - Backend stopped
2026-09-12 17:01:47,892 - INFO - Frontend stopped
2026-09-12 17:01:49,893 - INFO - START
2026-09-12 17:01:49,893 - INFO - ========================================
2026-09-12 17:01:49,893 - INFO -        PRINTER MONITORING SYSTEM
2026-09-12 17:01:49,893 - INFO - ========================================
2026-09-12 17:01:49,893 - INFO - 
2026-09-12 17:01:49,894 - INFO - Checking environment...
2026-09-12 17:01:49,894 - INFO - [OK] Python
2026-09-12 17:01:49,894 - INFO - [OK] Node.js
2026-09-12 17:01:49,894 - INFO - [OK] npm
2026-09-12 17:01:49,894 - INFO - 
2026-09-12 17:01:49,894 - INFO - Selecting ports...
2026-09-12 17:01:53,974 - INFO - [OK] Backend  : 9100
2026-09-12 17:01:53,974 - INFO - [OK] Frontend : 9121
2026-09-12 17:01:53,975 - INFO - 
2026-09-12 17:01:53,976 - INFO - Starting backend...
2026-09-12 17:01:58,290 - INFO - [OK] Backend Ready
2026-09-12 17:01:58,290 - INFO - Starting frontend...
2026-09-12 17:01:59,338 - INFO - [OK] Frontend Ready
2026-09-12 17:01:59,339 - INFO - 
2026-09-12 17:01:59,339 - INFO - ========================================
2026-09-12 17:01:59,339 - INFO - SYSTEM STATUS: RUNNING
2026-09-12 17:01:59,339 - INFO - ========================================
2026-09-12 17:01:59,339 - INFO - 
2026-09-12 17:01:59,339 - INFO - Monitoring Server:
2026-09-12 17:01:59,339 - INFO - 10.119.43.25
2026-09-12 17:01:59,339 - INFO - 
2026-09-12 17:01:59,339 - INFO - Printer Networks:
2026-09-12 17:01:59,340 - INFO - 10.119.34.0/24
2026-09-12 17:01:59,340 - INFO - 10.119.43.0/24
2026-09-12 17:01:59,340 - INFO - 
2026-09-12 17:01:59,340 - INFO - Frontend:
2026-09-12 17:01:59,340 - INFO - http://10.119.43.25:9121
2026-09-12 17:01:59,340 - INFO - 
2026-09-12 17:01:59,340 - INFO - Opening browser...
2026-09-12 17:01:59,340 - INFO - ========================================
2026-09-12 17:02:01,399 - INFO - READY
2026-09-14 08:34:43,377 - INFO - STOP
2026-09-14 08:34:44,114 - INFO - Backend stopped
2026-09-14 08:34:44,755 - INFO - Frontend stopped
2026-09-14 08:34:46,756 - INFO - START
2026-09-14 08:34:46,757 - INFO - ========================================
2026-09-14 08:34:46,757 - INFO -        PRINTER MONITORING SYSTEM
2026-09-14 08:34:46,757 - INFO - ========================================
2026-09-14 08:34:46,758 - INFO - 
2026-09-14 08:34:46,758 - INFO - Checking environment...
2026-09-14 08:34:46,758 - INFO - [OK] Python
2026-09-14 08:34:46,759 - INFO - [OK] Node.js
2026-09-14 08:34:46,759 - INFO - [OK] npm
2026-09-14 08:34:46,759 - INFO - 
2026-09-14 08:34:46,760 - INFO - Selecting ports...
2026-09-14 08:34:50,804 - INFO - [OK] Backend  : 9100
2026-09-14 08:34:50,805 - INFO - [OK] Frontend : 9121
2026-09-14 08:34:50,806 - INFO - 
2026-09-14 08:34:50,810 - INFO - Starting backend...
2026-09-14 08:34:55,522 - INFO - [OK] Backend Ready
2026-09-14 08:34:55,523 - INFO - Starting frontend...
2026-09-14 08:34:56,585 - INFO - [OK] Frontend Ready
2026-09-14 08:34:56,589 - INFO - 
2026-09-14 08:34:56,591 - INFO - ========================================
2026-09-14 08:34:56,593 - INFO - SYSTEM STATUS: RUNNING
2026-09-14 08:34:56,597 - INFO - ========================================
2026-09-14 08:34:56,598 - INFO - 
2026-09-14 08:34:56,600 - INFO - Monitoring Server:
2026-09-14 08:34:56,603 - INFO - 10.119.43.25
2026-09-14 08:34:56,605 - INFO - 
2026-09-14 08:34:56,607 - INFO - Printer Networks:
2026-09-14 08:34:56,608 - INFO - 10.119.34.0/24
2026-09-14 08:34:56,611 - INFO - 10.119.43.0/24
2026-09-14 08:34:56,613 - INFO - 
2026-09-14 08:34:56,617 - INFO - Frontend:
2026-09-14 08:34:56,619 - INFO - http://10.119.43.25:9121
2026-09-14 08:34:56,621 - INFO - 
2026-09-14 08:34:56,623 - INFO - Opening browser...
2026-09-14 08:34:56,626 - INFO - ========================================
2026-09-14 08:34:58,700 - INFO - READY
2026-09-14 11:47:26,376 - INFO - STOP
2026-09-14 11:47:26,596 - INFO - Backend is not running
2026-09-14 11:47:27,303 - INFO - Frontend stopped
2026-09-14 11:47:29,304 - INFO - START
2026-09-14 11:47:29,304 - INFO - ========================================
2026-09-14 11:47:29,304 - INFO -        PRINTER MONITORING SYSTEM
2026-09-14 11:47:29,305 - INFO - ========================================
2026-09-14 11:47:29,305 - INFO - 
2026-09-14 11:47:29,305 - INFO - Checking environment...
2026-09-14 11:47:29,305 - INFO - [OK] Python
2026-09-14 11:47:29,305 - INFO - [OK] Node.js
2026-09-14 11:47:29,305 - INFO - [OK] npm
2026-09-14 11:47:29,306 - INFO - 
2026-09-14 11:47:29,306 - INFO - Selecting ports...
2026-09-14 11:47:33,396 - INFO - [OK] Backend  : 9100
2026-09-14 11:47:33,396 - INFO - [OK] Frontend : 9121
2026-09-14 11:47:33,397 - INFO - 
2026-09-14 11:47:33,398 - INFO - Starting backend...
2026-09-14 11:47:38,152 - INFO - [OK] Backend Ready
2026-09-14 11:47:38,152 - INFO - Starting frontend...
2026-09-14 11:47:39,287 - INFO - [OK] Frontend Ready
2026-09-14 11:47:39,288 - INFO - 
2026-09-14 11:47:39,288 - INFO - ========================================
2026-09-14 11:47:39,288 - INFO - SYSTEM STATUS: RUNNING
2026-09-14 11:47:39,288 - INFO - ========================================
2026-09-14 11:47:39,288 - INFO - 
2026-09-14 11:47:39,288 - INFO - Monitoring Server:
2026-09-14 11:47:39,288 - INFO - 10.119.43.25
2026-09-14 11:47:39,288 - INFO - 
2026-09-14 11:47:39,288 - INFO - Printer Networks:
2026-09-14 11:47:39,288 - INFO - 10.119.34.0/24
2026-09-14 11:47:39,289 - INFO - 10.119.43.0/24
2026-09-14 11:47:39,289 - INFO - 
2026-09-14 11:47:39,289 - INFO - Frontend:
2026-09-14 11:47:39,289 - INFO - http://10.119.43.25:9121
2026-09-14 11:47:39,289 - INFO - 
2026-09-14 11:47:39,289 - INFO - Opening browser...
2026-09-14 11:47:39,289 - INFO - ========================================
2026-09-14 11:47:41,349 - INFO - READY
2026-09-14 13:42:32,908 - INFO - STOP
2026-09-14 13:42:33,526 - INFO - Backend stopped
2026-09-14 13:42:34,115 - INFO - Frontend stopped
2026-09-14 13:42:36,116 - INFO - START
2026-09-14 13:42:36,117 - INFO - ========================================
2026-09-14 13:42:36,117 - INFO -        PRINTER MONITORING SYSTEM
2026-09-14 13:42:36,117 - INFO - ========================================
2026-09-14 13:42:36,117 - INFO - 
2026-09-14 13:42:36,117 - INFO - Checking environment...
2026-09-14 13:42:36,117 - INFO - [OK] Python
2026-09-14 13:42:36,117 - INFO - [OK] Node.js
2026-09-14 13:42:36,117 - INFO - [OK] npm
2026-09-14 13:42:36,117 - INFO - 
2026-09-14 13:42:36,117 - INFO - Selecting ports...
2026-09-14 13:42:40,206 - INFO - [OK] Backend  : 9100
2026-09-14 13:42:40,206 - INFO - [OK] Frontend : 9121
2026-09-14 13:42:40,206 - INFO - 
2026-09-14 13:42:40,207 - INFO - Starting backend...
2026-09-14 13:42:44,705 - INFO - [OK] Backend Ready
2026-09-14 13:42:44,705 - INFO - Starting frontend...
2026-09-14 13:42:45,751 - INFO - [OK] Frontend Ready
2026-09-14 13:42:45,752 - INFO - 
2026-09-14 13:42:45,752 - INFO - ========================================
2026-09-14 13:42:45,752 - INFO - SYSTEM STATUS: RUNNING
2026-09-14 13:42:45,752 - INFO - ========================================
2026-09-14 13:42:45,753 - INFO - 
2026-09-14 13:42:45,753 - INFO - Monitoring Server:
2026-09-14 13:42:45,753 - INFO - 10.119.43.25
2026-09-14 13:42:45,753 - INFO - 
2026-09-14 13:42:45,753 - INFO - Printer Networks:
2026-09-14 13:42:45,753 - INFO - 10.119.34.0/24
2026-09-14 13:42:45,753 - INFO - 10.119.43.0/24
2026-09-14 13:42:45,753 - INFO - 
2026-09-14 13:42:45,753 - INFO - Frontend:
2026-09-14 13:42:45,753 - INFO - http://10.119.43.25:9121
2026-09-14 13:42:45,753 - INFO - 
2026-09-14 13:42:45,753 - INFO - Opening browser...
2026-09-14 13:42:45,753 - INFO - ========================================
2026-09-14 13:42:47,816 - INFO - READY
2026-09-14 13:48:55,670 - INFO - STOP
2026-09-14 13:48:56,582 - INFO - Backend stopped
2026-09-14 13:48:57,400 - INFO - Frontend stopped
2026-09-14 13:48:59,401 - INFO - START
2026-09-14 13:48:59,401 - INFO - ========================================
2026-09-14 13:48:59,401 - INFO -        PRINTER MONITORING SYSTEM
2026-09-14 13:48:59,401 - INFO - ========================================
2026-09-14 13:48:59,402 - INFO - 
2026-09-14 13:48:59,402 - INFO - Checking environment...
2026-09-14 13:48:59,402 - INFO - [OK] Python
2026-09-14 13:48:59,402 - INFO - [OK] Node.js
2026-09-14 13:48:59,402 - INFO - [OK] npm
2026-09-14 13:48:59,402 - INFO - 
2026-09-14 13:48:59,402 - INFO - Selecting ports...
2026-09-14 13:49:03,492 - INFO - [OK] Backend  : 9100
2026-09-14 13:49:03,494 - INFO - [OK] Frontend : 9121
2026-09-14 13:49:03,495 - INFO - 
2026-09-14 13:49:03,496 - INFO - Starting backend...
2026-09-14 13:49:07,837 - INFO - [OK] Backend Ready
2026-09-14 13:49:07,837 - INFO - Starting frontend...
2026-09-14 13:49:08,884 - INFO - [OK] Frontend Ready
2026-09-14 13:49:08,885 - INFO - 
2026-09-14 13:49:08,886 - INFO - ========================================
2026-09-14 13:49:08,886 - INFO - SYSTEM STATUS: RUNNING
2026-09-14 13:49:08,886 - INFO - ========================================
2026-09-14 13:49:08,886 - INFO - 
2026-09-14 13:49:08,886 - INFO - Monitoring Server:
2026-09-14 13:49:08,886 - INFO - 10.119.43.25
2026-09-14 13:49:08,886 - INFO - 
2026-09-14 13:49:08,886 - INFO - Printer Networks:
2026-09-14 13:49:08,886 - INFO - 10.119.34.0/24
2026-09-14 13:49:08,886 - INFO - 10.119.43.0/24
2026-09-14 13:49:08,886 - INFO - 
2026-09-14 13:49:08,886 - INFO - Frontend:
2026-09-14 13:49:08,887 - INFO - http://10.119.43.25:9121
2026-09-14 13:49:08,887 - INFO - 
2026-09-14 13:49:08,887 - INFO - Opening browser...
2026-09-14 13:49:08,887 - INFO - ========================================
2026-09-14 13:49:10,951 - INFO - READY
2026-09-14 13:54:08,445 - INFO - STOP
2026-09-14 13:54:09,050 - INFO - Backend stopped
2026-09-14 13:54:09,630 - INFO - Frontend stopped
2026-09-14 13:54:11,631 - INFO - START
2026-09-14 13:54:11,631 - INFO - ========================================
2026-09-14 13:54:11,631 - INFO -        PRINTER MONITORING SYSTEM
2026-09-14 13:54:11,632 - INFO - ========================================
2026-09-14 13:54:11,632 - INFO - 
2026-09-14 13:54:11,632 - INFO - Checking environment...
2026-09-14 13:54:11,632 - INFO - [OK] Python
2026-09-14 13:54:11,632 - INFO - [OK] Node.js
2026-09-14 13:54:11,632 - INFO - [OK] npm
2026-09-14 13:54:11,632 - INFO - 
2026-09-14 13:54:11,632 - INFO - Selecting ports...
2026-09-14 13:54:15,727 - INFO - [OK] Backend  : 9100
2026-09-14 13:54:15,727 - INFO - [OK] Frontend : 9121
2026-09-14 13:54:15,727 - INFO - 
2026-09-14 13:54:15,728 - INFO - Starting backend...
2026-09-14 13:54:19,927 - INFO - [OK] Backend Ready
2026-09-14 13:54:19,927 - INFO - Starting frontend...
2026-09-14 13:54:21,103 - INFO - [OK] Frontend Ready
2026-09-14 13:54:21,104 - INFO - 
2026-09-14 13:54:21,105 - INFO - ========================================
2026-09-14 13:54:21,105 - INFO - SYSTEM STATUS: RUNNING
2026-09-14 13:54:21,105 - INFO - ========================================
2026-09-14 13:54:21,105 - INFO - 
2026-09-14 13:54:21,105 - INFO - Monitoring Server:
2026-09-14 13:54:21,105 - INFO - 10.119.43.25
2026-09-14 13:54:21,105 - INFO - 
2026-09-14 13:54:21,105 - INFO - Printer Networks:
2026-09-14 13:54:21,106 - INFO - 10.119.34.0/24
2026-09-14 13:54:21,106 - INFO - 10.119.43.0/24
2026-09-14 13:54:21,106 - INFO - 
2026-09-14 13:54:21,106 - INFO - Frontend:
2026-09-14 13:54:21,106 - INFO - http://10.119.43.25:9121
2026-09-14 13:54:21,106 - INFO - 
2026-09-14 13:54:21,106 - INFO - Opening browser...
2026-09-14 13:54:21,107 - INFO - ========================================
2026-09-14 13:54:23,172 - INFO - READY
2026-09-14 14:01:34,364 - INFO - STOP
2026-09-14 14:01:34,912 - INFO - Backend stopped
2026-09-14 14:01:35,432 - INFO - Frontend stopped
2026-09-14 14:01:37,433 - INFO - START
2026-09-14 14:01:37,433 - INFO - ========================================
2026-09-14 14:01:37,433 - INFO -        PRINTER MONITORING SYSTEM
2026-09-14 14:01:37,433 - INFO - ========================================
2026-09-14 14:01:37,433 - INFO - 
2026-09-14 14:01:37,434 - INFO - Checking environment...
2026-09-14 14:01:37,434 - INFO - [OK] Python
2026-09-14 14:01:37,434 - INFO - [OK] Node.js
2026-09-14 14:01:37,434 - INFO - [OK] npm
2026-09-14 14:01:37,434 - INFO - 
2026-09-14 14:01:37,434 - INFO - Selecting ports...
2026-09-14 14:01:41,524 - INFO - [OK] Backend  : 9100
2026-09-14 14:01:41,524 - INFO - [OK] Frontend : 9121
2026-09-14 14:01:41,524 - INFO - 
2026-09-14 14:01:41,525 - INFO - Starting backend...
2026-09-14 14:01:46,035 - INFO - [OK] Backend Ready
2026-09-14 14:01:46,035 - INFO - Starting frontend...
2026-09-14 14:01:47,072 - INFO - [OK] Frontend Ready
2026-09-14 14:01:47,073 - INFO - 
2026-09-14 14:01:47,073 - INFO - ========================================
2026-09-14 14:01:47,073 - INFO - SYSTEM STATUS: RUNNING
2026-09-14 14:01:47,074 - INFO - ========================================
2026-09-14 14:01:47,074 - INFO - 
2026-09-14 14:01:47,074 - INFO - Monitoring Server:
2026-09-14 14:01:47,074 - INFO - 10.119.43.25
2026-09-14 14:01:47,074 - INFO - 
2026-09-14 14:01:47,074 - INFO - Printer Networks:
2026-09-14 14:01:47,074 - INFO - 10.119.34.0/24
2026-09-14 14:01:47,075 - INFO - 10.119.43.0/24
2026-09-14 14:01:47,075 - INFO - 
2026-09-14 14:01:47,075 - INFO - Frontend:
2026-09-14 14:01:47,075 - INFO - http://10.119.43.25:9121
2026-09-14 14:01:47,075 - INFO - 
2026-09-14 14:01:47,075 - INFO - Opening browser...
2026-09-14 14:01:47,076 - INFO - ========================================
2026-09-14 14:01:49,159 - INFO - READY
2026-09-14 14:18:39,120 - INFO - Backend stopped
2026-09-14 14:18:39,649 - INFO - Frontend stopped
2026-09-14 14:19:23,617 - INFO - STOP
2026-09-14 14:19:23,617 - INFO - Backend is not running
2026-09-14 14:19:23,617 - INFO - Frontend is not running
2026-09-14 14:19:25,618 - INFO - START
2026-09-14 14:19:25,618 - INFO - ========================================
2026-09-14 14:19:25,618 - INFO -        PRINTER MONITORING SYSTEM
2026-09-14 14:19:25,618 - INFO - ========================================
2026-09-14 14:19:25,618 - INFO - 
2026-09-14 14:19:25,618 - INFO - Checking environment...
2026-09-14 14:19:25,618 - INFO - [OK] Python
2026-09-14 14:19:25,618 - INFO - [OK] Node.js
2026-09-14 14:19:25,618 - INFO - [OK] npm
2026-09-14 14:19:25,618 - INFO - 
2026-09-14 14:19:25,618 - INFO - Selecting ports...
2026-09-14 14:19:29,705 - INFO - [OK] Backend  : 9100
2026-09-14 14:19:29,705 - INFO - [OK] Frontend : 9121
2026-09-14 14:19:29,705 - INFO - 
2026-09-14 14:19:29,706 - INFO - Starting backend...
2026-09-14 14:19:33,843 - INFO - [OK] Backend Ready
2026-09-14 14:19:33,843 - INFO - Starting frontend...
2026-09-14 14:19:34,883 - INFO - [OK] Frontend Ready
2026-09-14 14:19:34,884 - INFO - 
2026-09-14 14:19:34,884 - INFO - ========================================
2026-09-14 14:19:34,884 - INFO - SYSTEM STATUS: RUNNING
2026-09-14 14:19:34,884 - INFO - ========================================
2026-09-14 14:19:34,884 - INFO - 
2026-09-14 14:19:34,884 - INFO - Monitoring Server:
2026-09-14 14:19:34,884 - INFO - 10.119.43.25
2026-09-14 14:19:34,885 - INFO - 
2026-09-14 14:19:34,885 - INFO - Printer Networks:
2026-09-14 14:19:34,885 - INFO - 10.119.34.0/24
2026-09-14 14:19:34,885 - INFO - 10.119.43.0/24
2026-09-14 14:19:34,885 - INFO - 
2026-09-14 14:19:34,885 - INFO - Frontend:
2026-09-14 14:19:34,885 - INFO - http://10.119.43.25:9121
2026-09-14 14:19:34,885 - INFO - 
2026-09-14 14:19:34,885 - INFO - Opening browser...
2026-09-14 14:19:34,885 - INFO - ========================================
2026-09-14 14:19:36,950 - INFO - READY
2026-09-14 14:25:49,256 - INFO - STOP
2026-09-14 14:25:49,818 - INFO - Backend stopped
2026-09-14 14:25:50,333 - INFO - Frontend stopped
2026-09-14 14:25:52,333 - INFO - START
2026-09-14 14:25:52,334 - INFO - ========================================
2026-09-14 14:25:52,334 - INFO -        PRINTER MONITORING SYSTEM
2026-09-14 14:25:52,334 - INFO - ========================================
2026-09-14 14:25:52,334 - INFO - 
2026-09-14 14:25:52,334 - INFO - Checking environment...
2026-09-14 14:25:52,334 - INFO - [OK] Python
2026-09-14 14:25:52,334 - INFO - [OK] Node.js
2026-09-14 14:25:52,334 - INFO - [OK] npm
2026-09-14 14:25:52,334 - INFO - 
2026-09-14 14:25:52,334 - INFO - Selecting ports...
2026-09-14 14:25:56,413 - INFO - [OK] Backend  : 9100
2026-09-14 14:25:56,413 - INFO - [OK] Frontend : 9121
2026-09-14 14:25:56,414 - INFO - 
2026-09-14 14:25:56,415 - INFO - Starting backend...
2026-09-14 14:26:00,599 - INFO - [OK] Backend Ready
2026-09-14 14:26:00,599 - INFO - Starting frontend...
2026-09-14 14:26:01,644 - INFO - [OK] Frontend Ready
2026-09-14 14:26:01,645 - INFO - 
2026-09-14 14:26:01,645 - INFO - ========================================
2026-09-14 14:26:01,645 - INFO - SYSTEM STATUS: RUNNING
2026-09-14 14:26:01,645 - INFO - ========================================
2026-09-14 14:26:01,645 - INFO - 
2026-09-14 14:26:01,646 - INFO - Monitoring Server:
2026-09-14 14:26:01,646 - INFO - 10.119.43.25
2026-09-14 14:26:01,646 - INFO - 
2026-09-14 14:26:01,646 - INFO - Printer Networks:
2026-09-14 14:26:01,646 - INFO - 10.119.34.0/24
2026-09-14 14:26:01,646 - INFO - 10.119.43.0/24
2026-09-14 14:26:01,646 - INFO - 
2026-09-14 14:26:01,646 - INFO - Frontend:
2026-09-14 14:26:01,646 - INFO - http://10.119.43.25:9121
2026-09-14 14:26:01,646 - INFO - 
2026-09-14 14:26:01,647 - INFO - Opening browser...
2026-09-14 14:26:01,647 - INFO - ========================================
2026-09-14 14:26:03,711 - INFO - READY
2026-09-14 14:40:52,751 - INFO - STOP
2026-09-14 14:40:53,306 - INFO - Backend stopped
2026-09-14 14:40:53,836 - INFO - Frontend stopped
2026-09-14 14:40:55,838 - INFO - START
2026-09-14 14:40:55,838 - INFO - ========================================
2026-09-14 14:40:55,838 - INFO -        PRINTER MONITORING SYSTEM
2026-09-14 14:40:55,838 - INFO - ========================================
2026-09-14 14:40:55,838 - INFO - 
2026-09-14 14:40:55,838 - INFO - Checking environment...
2026-09-14 14:40:55,838 - INFO - [OK] Python
2026-09-14 14:40:55,838 - INFO - [OK] Node.js
2026-09-14 14:40:55,838 - INFO - [OK] npm
2026-09-14 14:40:55,838 - INFO - 
2026-09-14 14:40:55,838 - INFO - Selecting ports...
2026-09-14 14:40:59,927 - INFO - [OK] Backend  : 9100
2026-09-14 14:40:59,927 - INFO - [OK] Frontend : 9121
2026-09-14 14:40:59,927 - INFO - 
2026-09-14 14:40:59,928 - INFO - Starting backend...
2026-09-14 14:41:04,116 - INFO - [OK] Backend Ready
2026-09-14 14:41:04,117 - INFO - Starting frontend...
2026-09-14 14:41:05,170 - INFO - [OK] Frontend Ready
2026-09-14 14:41:05,172 - INFO - 
2026-09-14 14:41:05,172 - INFO - ========================================
2026-09-14 14:41:05,172 - INFO - SYSTEM STATUS: RUNNING
2026-09-14 14:41:05,172 - INFO - ========================================
2026-09-14 14:41:05,172 - INFO - 
2026-09-14 14:41:05,172 - INFO - Monitoring Server:
2026-09-14 14:41:05,173 - INFO - 10.119.43.25
2026-09-14 14:41:05,173 - INFO - 
2026-09-14 14:41:05,173 - INFO - Printer Networks:
2026-09-14 14:41:05,173 - INFO - 10.119.34.0/24
2026-09-14 14:41:05,173 - INFO - 10.119.43.0/24
2026-09-14 14:41:05,173 - INFO - 
2026-09-14 14:41:05,173 - INFO - Frontend:
2026-09-14 14:41:05,173 - INFO - http://10.119.43.25:9121
2026-09-14 14:41:05,173 - INFO - 
2026-09-14 14:41:05,173 - INFO - Opening browser...
2026-09-14 14:41:05,173 - INFO - ========================================
2026-09-14 14:41:07,268 - INFO - READY
2026-09-14 14:47:57,751 - INFO - ========================================
2026-09-14 14:47:57,752 - INFO -        PRINTER MONITORING SYSTEM
2026-09-14 14:47:57,752 - INFO - ========================================
2026-09-14 14:47:57,752 - INFO - 
2026-09-14 14:47:57,752 - INFO - Checking environment...
2026-09-14 14:47:57,752 - INFO - [OK] Python
2026-09-14 14:47:57,752 - INFO - [OK] Node.js
2026-09-14 14:47:57,752 - INFO - [OK] npm
2026-09-14 14:47:57,752 - INFO - 
2026-09-14 14:47:57,752 - INFO - Selecting ports...
2026-09-14 14:48:01,811 - INFO - [OK] Backend  : 9100
2026-09-14 14:48:01,811 - INFO - [OK] Frontend : 9121
2026-09-14 14:48:01,811 - INFO - 
2026-09-14 14:48:01,813 - INFO - Starting backend...
2026-09-14 14:48:12,494 - INFO - [OK] Backend Ready
2026-09-14 14:48:12,494 - INFO - Starting frontend...
2026-09-14 14:48:13,785 - INFO - [OK] Frontend Ready
2026-09-14 14:48:13,786 - INFO - 
2026-09-14 14:48:13,786 - INFO - ========================================
2026-09-14 14:48:13,787 - INFO - SYSTEM STATUS: RUNNING
2026-09-14 14:48:13,787 - INFO - ========================================
2026-09-14 14:48:13,787 - INFO - 
2026-09-14 14:48:13,787 - INFO - Monitoring Server:
2026-09-14 14:48:13,787 - INFO - 10.119.43.25
2026-09-14 14:48:13,787 - INFO - 
2026-09-14 14:48:13,787 - INFO - Printer Networks:
2026-09-14 14:48:13,788 - INFO - 10.119.34.0/24
2026-09-14 14:48:13,788 - INFO - 10.119.43.0/24
2026-09-14 14:48:13,788 - INFO - 
2026-09-14 14:48:13,788 - INFO - Frontend:
2026-09-14 14:48:13,788 - INFO - http://10.119.43.25:9121
2026-09-14 14:48:13,788 - INFO - 
2026-09-14 14:48:13,788 - INFO - Opening browser...
2026-09-14 14:48:13,788 - INFO - ========================================
2026-09-14 16:57:41,336 - INFO - STOP
2026-09-14 16:57:42,070 - INFO - Backend stopped
2026-09-14 16:57:42,297 - INFO - Frontend is not running
2026-09-14 16:57:44,297 - INFO - START
2026-09-14 16:57:44,298 - INFO - ========================================
2026-09-14 16:57:44,298 - INFO -        PRINTER MONITORING SYSTEM
2026-09-14 16:57:44,298 - INFO - ========================================
2026-09-14 16:57:44,298 - INFO - 
2026-09-14 16:57:44,298 - INFO - Checking environment...
2026-09-14 16:57:44,298 - INFO - [OK] Python
2026-09-14 16:57:44,298 - INFO - [OK] Node.js
2026-09-14 16:57:44,298 - INFO - [OK] npm
2026-09-14 16:57:44,298 - INFO - 
2026-09-14 16:57:44,298 - INFO - Selecting ports...
2026-09-14 16:57:48,380 - INFO - [OK] Backend  : 9100
2026-09-14 16:57:48,380 - INFO - [OK] Frontend : 9122
2026-09-14 16:57:48,380 - INFO - 
2026-09-14 16:57:48,382 - INFO - Starting backend...
2026-09-14 16:57:53,341 - INFO - [OK] Backend Ready
2026-09-14 16:57:53,341 - INFO - Starting frontend...
2026-09-14 16:57:54,395 - INFO - [OK] Frontend Ready
2026-09-14 16:57:54,396 - INFO - 
2026-09-14 16:57:54,397 - INFO - ========================================
2026-09-14 16:57:54,397 - INFO - SYSTEM STATUS: RUNNING
2026-09-14 16:57:54,397 - INFO - ========================================
2026-09-14 16:57:54,397 - INFO - 
2026-09-14 16:57:54,397 - INFO - Monitoring Server:
2026-09-14 16:57:54,397 - INFO - 10.119.43.25
2026-09-14 16:57:54,397 - INFO - 
2026-09-14 16:57:54,397 - INFO - Printer Networks:
2026-09-14 16:57:54,397 - INFO - 10.119.34.0/24
2026-09-14 16:57:54,397 - INFO - 10.119.43.0/24
2026-09-14 16:57:54,397 - INFO - 
2026-09-14 16:57:54,397 - INFO - Frontend:
2026-09-14 16:57:54,397 - INFO - http://10.119.43.25:9122
2026-09-14 16:57:54,398 - INFO - 
2026-09-14 16:57:54,398 - INFO - Opening browser...
2026-09-14 16:57:54,398 - INFO - ========================================
2026-09-14 16:57:56,462 - INFO - READY
